Time_ms,TargetRotX,TargetRotY,LeftRotX,LeftRotY,LeftRotZ,LeftRotW,LeftConfidence,RightRotX,RightRotY,RightRotZ,RightRotW,RightConfidence
43217,0.00,0.00,0.00640,-0.02074,-0.03066,0.99929,1.00,0.00568,-0.04772,-0.03204,0.99833,1.00
43231,0.00,0.00,0.00640,-0.02074,-0.03057,0.99930,1.00,0.00567,-0.04772,-0.03195,0.99833,1.00
43245,0.00,0.00,0.00652,-0.02091,-0.03060,0.99929,1.00,0.00580,-0.04789,-0.03198,0.99832,1.00
43259,0.00,0.00,0.00652,-0.02091,-0.03063,0.99929,1.00,0.00580,-0.04789,-0.03201,0.99832,1.00
43273,0.00,0.00,0.00642,-0.02034,-0.03073,0.99930,1.00,0.00571,-0.04732,-0.03212,0.99835,1.00
43287,0.00,0.00,0.00642,-0.02034,-0.03079,0.99930,1.00,0.00571,-0.04731,-0.03218,0.99835,1.00
43301,0.00,0.00,0.00642,-0.02034,-0.03083,0.99930,1.00,0.00571,-0.04731,-0.03223,0.99834,1.00
43315,0.00,0.00,0.00591,-0.02078,-0.03083,0.99929,1.00,0.00520,-0.04775,-0.03224,0.99833,1.00
43329,0.00,0.00,0.00591,-0.02078,-0.03080,0.99929,1.00,0.00520,-0.04775,-0.03221,0.99833,1.00
43343,0.00,0.00,0.00412,-0.02127,-0.03083,0.99929,1.00,0.00342,-0.04824,-0.03228,0.99831,1.00
43357,0.00,0.00,0.00412,-0.02127,-0.03084,0.99929,1.00,0.00342,-0.04824,-0.03229,0.99831,1.00
43371,0.00,0.00,0.00413,-0.02127,-0.03090,0.99929,1.00,0.00342,-0.04824,-0.03234,0.99831,1.00
43384,0.00,0.00,0.00569,-0.02212,-0.03093,0.99926,1.00,0.00497,-0.04909,-0.03232,0.99826,1.00
43398,0.00,0.00,0.00568,-0.02212,-0.03089,0.99926,1.00,0.00497,-0.04909,-0.03228,0.99826,1.00
43412,0.00,0.00,0.00551,-0.02243,-0.03092,0.99926,1.00,0.00480,-0.04940,-0.03231,0.99824,1.00
43426,0.00,0.00,0.00551,-0.02243,-0.03102,0.99925,1.00,0.00480,-0.04940,-0.03242,0.99824,1.00
43440,0.00,0.00,0.01903,-0.02272,-0.03105,0.99908,1.00,0.01826,-0.04967,-0.03209,0.99808,1.00
43454,0.00,0.00,0.01904,-0.02271,-0.03134,0.99907,1.00,0.01828,-0.04967,-0.03237,0.99807,1.00
43469,0.00,0.00,0.01905,-0.02270,-0.03177,0.99906,1.00,0.01830,-0.04966,-0.03279,0.99806,1.00
43482,0.00,0.00,0.05917,0.04751,-0.03115,0.99663,1.00,0.05855,0.02048,-0.03121,0.99759,1.00
43496,0.00,0.00,0.05916,0.04753,-0.03139,0.99662,1.00,0.05855,0.02050,-0.03147,0.99758,1.00
43510,0.00,0.00,0.05921,0.04797,-0.03150,0.99659,1.00,0.05856,0.02094,-0.03160,0.99756,1.00
43523,0.00,0.00,0.05921,0.04797,-0.03148,0.99660,1.00,0.05856,0.02094,-0.03159,0.99756,1.00
43538,0.00,0.00,0.05921,0.04797,-0.03141,0.99660,1.00,0.05857,0.02094,-0.03153,0.99757,1.00
43551,0.00,0.00,-0.02911,-0.01396,-0.03296,0.99894,1.00,-0.02972,-0.04105,-0.03536,0.99809,1.00
43565,0.00,0.00,-0.02910,-0.01397,-0.03321,0.99893,1.00,-0.02971,-0.04106,-0.03561,0.99808,1.00
43579,0.00,0.00,-0.04695,-0.02828,-0.03508,0.99788,1.00,-0.04736,-0.05538,-0.03794,0.99662,1.00
43593,0.00,0.00,-0.04696,-0.02827,-0.03490,0.99789,1.00,-0.04737,-0.05537,-0.03775,0.99663,1.00
43607,0.00,0.00,-0.05420,-0.03177,-0.03522,0.99740,1.00,-0.05455,-0.05888,-0.03825,0.99604,1.00
43621,0.00,0.00,-0.05421,-0.03175,-0.03492,0.99741,1.00,-0.05457,-0.05886,-0.03793,0.99605,1.00
43635,0.00,0.00,-0.05422,-0.03174,-0.03470,0.99742,1.00,-0.05458,-0.05885,-0.03770,0.99606,1.00
43649,0.00,0.00,-0.05445,-0.03403,-0.03469,0.99733,1.00,-0.05478,-0.06113,-0.03770,0.99591,1.00
43663,0.00,0.00,-0.05446,-0.03402,-0.03447,0.99734,1.00,-0.05479,-0.06112,-0.03748,0.99592,1.00
43677,0.00,0.00,-0.05371,-0.03431,-0.03426,0.99738,1.00,-0.05404,-0.06140,-0.03726,0.99595,1.00
43690,0.00,0.00,-0.05372,-0.03429,-0.03397,0.99739,1.00,-0.05406,-0.06139,-0.03697,0.99596,1.00
43705,0.00,0.00,-0.05373,-0.03429,-0.03386,0.99739,1.00,-0.05406,-0.06138,-0.03686,0.99597,1.00
43718,0.00,0.00,-0.05368,-0.03401,-0.03357,0.99741,1.00,-0.05400,-0.06111,-0.03656,0.99600,1.00
43733,0.00,0.00,-0.05368,-0.03402,-0.03366,0.99741,1.00,-0.05400,-0.06111,-0.03664,0.99600,1.00
43746,0.00,0.00,-0.05363,-0.03455,-0.03382,0.99739,1.00,-0.05392,-0.06165,-0.03681,0.99596,1.00
43760,0.00,0.00,-0.05363,-0.03455,-0.03381,0.99739,1.00,-0.05392,-0.06164,-0.03680,0.99596,1.00
43775,0.00,0.00,-0.05212,-0.03497,-0.03368,0.99746,1.00,-0.05241,-0.06206,-0.03663,0.99602,1.00
43788,0.00,0.00,-0.05212,-0.03496,-0.03354,0.99746,1.00,-0.05242,-0.06205,-0.03650,0.99603,1.00
43803,0.00,0.00,-0.05212,-0.03496,-0.03356,0.99746,1.00,-0.05242,-0.06205,-0.03652,0.99603,1.00
43816,0.00,0.00,-0.05182,-0.03353,-0.03345,0.99753,1.00,-0.05213,-0.06062,-0.03641,0.99613,1.00
43830,0.00,0.00,-0.05182,-0.03353,-0.03361,0.99753,1.00,-0.05212,-0.06063,-0.03656,0.99613,1.00
43844,0.00,0.00,-0.05170,-0.03324,-0.03364,0.99754,1.00,-0.05199,-0.06034,-0.03659,0.99615,1.00
43857,0.00,0.00,-0.05169,-0.03324,-0.03374,0.99754,1.00,-0.05199,-0.06034,-0.03667,0.99615,1.00
43872,0.00,0.00,-0.05169,-0.03324,-0.03373,0.99754,1.00,-0.05199,-0.06034,-0.03666,0.99615,1.00
43885,0.00,0.00,-0.05458,-0.03287,-0.03377,0.99740,1.00,-0.05486,-0.05999,-0.03678,0.99601,1.00
43899,0.00,0.00,-0.05458,-0.03287,-0.03371,0.99740,1.00,-0.05487,-0.05998,-0.03673,0.99601,1.00
43913,0.00,0.00,-0.05471,-0.03246,-0.03356,0.99741,1.00,-0.05501,-0.05958,-0.03659,0.99603,1.00
43927,0.00,0.00,-0.05472,-0.03245,-0.03343,0.99741,1.00,-0.05502,-0.05958,-0.03647,0.99604,1.00
43941,0.00,0.00,-0.05455,-0.03264,-0.03333,0.99742,1.00,-0.05485,-0.05976,-0.03639,0.99604,1.00
43955,0.00,0.00,-0.05455,-0.03264,-0.03334,0.99742,1.00,-0.05484,-0.05976,-0.03640,0.99604,1.00
43969,0.00,0.00,-0.05455,-0.03265,-0.03337,0.99742,1.00,-0.05484,-0.05977,-0.03644,0.99604,1.00
43983,0.00,0.00,-0.05372,-0.03276,-0.03329,0.99746,1.00,-0.05401,-0.05987,-0.03635,0.99608,1.00
43997,0.00,0.00,-0.05372,-0.03276,-0.03327,0.99746,1.00,-0.05401,-0.05987,-0.03633,0.99608,1.00
44011,0.00,0.00,-0.05385,-0.03368,-0.03331,0.99742,1.00,-0.05413,-0.06079,-0.03637,0.99602,1.00
44024,0.00,0.00,-0.05385,-0.03368,-0.03332,0.99742,1.00,-0.05413,-0.06079,-0.03638,0.99602,1.00
44039,0.00,0.00,-0.05385,-0.03368,-0.03334,0.99742,1.00,-0.05413,-0.06079,-0.03640,0.99602,1.00
44052,0.00,0.00,-0.05335,-0.03377,-0.03340,0.99745,1.00,-0.05363,-0.06088,-0.03645,0.99604,1.00
44066,0.00,0.00,-0.05335,-0.03377,-0.03339,0.99745,1.00,-0.05363,-0.06088,-0.03645,0.99604,1.00
44080,0.00,0.00,-0.05317,-0.03366,-0.03329,0.99746,1.00,-0.05345,-0.06077,-0.03635,0.99606,1.00
44094,0.00,0.00,-0.05317,-0.03366,-0.03328,0.99746,1.00,-0.05345,-0.06077,-0.03634,0.99606,1.00
44108,0.00,0.00,-0.05261,-0.03252,-0.03302,0.99754,1.00,-0.05291,-0.05964,-0.03606,0.99616,1.00
44122,0.00,0.00,-0.05261,-0.03252,-0.03295,0.99754,1.00,-0.05291,-0.05963,-0.03599,0.99617,1.00
44136,0.00,0.00,-0.05262,-0.03251,-0.03284,0.99754,1.00,-0.05292,-0.05963,-0.03586,0.99617,1.00
44150,0.00,0.00,-0.05235,-0.03273,-0.03279,0.99755,1.00,-0.05264,-0.05985,-0.03581,0.99618,1.00
44163,0.00,0.00,-0.05235,-0.03272,-0.03255,0.99756,1.00,-0.05266,-0.05983,-0.03557,0.99618,1.00
44178,0.00,0.00,-0.05209,-0.03309,-0.03234,0.99757,1.00,-0.05240,-0.06020,-0.03535,0.99618,1.00
44191,0.00,0.00,-0.05209,-0.03309,-0.03234,0.99757,1.00,-0.05240,-0.06020,-0.03535,0.99618,1.00
44206,0.00,0.00,-0.05209,-0.03310,-0.03247,0.99757,1.00,-0.05239,-0.06020,-0.03548,0.99618,1.00
44219,0.00,0.00,-0.05217,-0.03343,-0.03265,0.99754,1.00,-0.05245,-0.06054,-0.03564,0.99615,1.00
44234,0.00,0.00,-0.05217,-0.03343,-0.03280,0.99754,1.00,-0.05244,-0.06054,-0.03578,0.99614,1.00
44247,0.00,0.00,-0.05231,-0.03373,-0.03299,0.99752,1.00,-0.05258,-0.06084,-0.03598,0.99611,1.00
44261,0.00,0.00,-0.05230,-0.03374,-0.03324,0.99751,1.00,-0.05256,-0.06085,-0.03624,0.99610,1.00
44276,0.00,0.00,-0.05082,-0.03303,-0.03310,0.99761,1.00,-0.05111,-0.06013,-0.03607,0.99623,1.00
44289,0.00,0.00,-0.05083,-0.03302,-0.03298,0.99762,1.00,-0.05112,-0.06013,-0.03595,0.99623,1.00
44304,0.00,0.00,-0.05083,-0.03302,-0.03291,0.99762,1.00,-0.05112,-0.06012,-0.03590,0.99623,1.00
44317,0.00,0.00,-0.05073,-0.03269,-0.03286,0.99764,1.00,-0.05103,-0.05979,-0.03585,0.99626,1.00
44331,0.00,0.00,-0.05072,-0.03269,-0.03291,0.99763,1.00,-0.05103,-0.05980,-0.03589,0.99626,1.00
44345,0.00,0.00,-0.05104,-0.03234,-0.03290,0.99763,1.00,-0.05134,-0.05945,-0.03589,0.99626,1.00
44358,0.00,0.00,-0.05104,-0.03235,-0.03297,0.99763,1.00,-0.05134,-0.05946,-0.03595,0.99626,1.00
44373,0.00,0.00,-0.05104,-0.03235,-0.03303,0.99763,1.00,-0.05134,-0.05946,-0.03599,0.99626,1.00
44387,0.00,0.00,-0.05336,-0.03350,-0.03329,0.99746,1.00,-0.05364,-0.06061,-0.03632,0.99606,1.00
44401,0.00,0.00,-0.05336,-0.03350,-0.03336,0.99746,1.00,-0.05363,-0.06061,-0.03638,0.99606,1.00
44414,0.00,0.00,-0.05124,-0.03226,-0.03320,0.99761,1.00,-0.05154,-0.05936,-0.03615,0.99625,1.00
44428,0.00,0.00,-0.05123,-0.03226,-0.03327,0.99761,1.00,-0.05153,-0.05937,-0.03622,0.99625,1.00
44443,0.00,0.00,-0.05320,-0.03241,-0.03330,0.99750,1.00,-0.05349,-0.05952,-0.03631,0.99613,1.00
44456,0.00,0.00,-0.05320,-0.03240,-0.03323,0.99750,1.00,-0.05350,-0.05952,-0.03624,0.99613,1.00
44471,0.00,0.00,-0.05321,-0.03239,-0.03307,0.99751,1.00,-0.05351,-0.05951,-0.03607,0.99614,1.00
44484,0.00,0.00,-0.05332,-0.03241,-0.03304,0.99750,1.00,-0.05363,-0.05953,-0.03603,0.99613,1.00
44498,0.00,0.00,-0.05332,-0.03242,-0.03309,0.99750,1.00,-0.05362,-0.05953,-0.03607,0.99613,1.00
44512,0.00,0.00,-0.05493,-0.03243,-0.03324,0.99741,1.00,-0.05522,-0.05955,-0.03627,0.99604,1.00
44525,0.00,0.00,-0.05494,-0.03242,-0.03317,0.99741,1.00,-0.05522,-0.05955,-0.03619,0.99604,1.00
44540,0.00,0.00,-0.05494,-0.03241,-0.03299,0.99742,1.00,-0.05523,-0.05954,-0.03601,0.99605,1.00
44553,0.00,0.00,-0.05520,-0.03170,-0.03274,0.99744,1.00,-0.05550,-0.05883,-0.03578,0.99608,1.00
44568,0.00,0.00,-0.05520,-0.03169,-0.03262,0.99744,1.00,-0.05551,-0.05882,-0.03565,0.99609,1.00
44582,0.00,0.00,-0.05614,-0.03187,-0.03270,0.99738,1.00,-0.05643,-0.05901,-0.03576,0.99602,1.00
44595,0.00,0.00,-0.05614,-0.03187,-0.03271,0.99738,1.00,-0.05643,-0.05901,-0.03576,0.99602,1.00
44610,0.00,0.00,-0.05487,-0.03394,-0.03301,0.99737,1.00,-0.05514,-0.06105,-0.03601,0.99596,1.00
44623,0.00,0.00,-0.05486,-0.03394,-0.03315,0.99737,1.00,-0.05513,-0.06106,-0.03614,0.99596,1.00
44637,0.00,0.00,-0.05486,-0.03395,-0.03330,0.99736,1.00,-0.05512,-0.06107,-0.03628,0.99595,1.00
44651,0.00,0.00,-0.05673,-0.03449,-0.03345,0.99723,1.00,-0.05698,-0.06162,-0.03647,0.99580,1.00
44665,0.00,0.00,-0.05673,-0.03450,-0.03348,0.99723,1.00,-0.05698,-0.06162,-0.03650,0.99580,1.00
44679,0.00,0.00,-0.05521,-0.03487,-0.03354,0.99730,1.00,-0.05547,-0.06198,-0.03651,0.99587,1.00
44693,0.00,0.00,-0.05521,-0.03488,-0.03368,0.99730,1.00,-0.05546,-0.06199,-0.03665,0.99586,1.00
44707,0.00,0.00,-0.05695,-0.03524,-0.03393,0.99718,1.00,-0.05719,-0.06236,-0.03695,0.99573,1.00
44721,0.00,0.00,-0.05695,-0.03524,-0.03396,0.99718,1.00,-0.05719,-0.06236,-0.03698,0.99573,1.00
44735,0.00,0.00,-0.05695,-0.03524,-0.03397,0.99718,1.00,-0.05719,-0.06236,-0.03699,0.99573,1.00
44749,0.00,0.00,-0.05554,-0.03507,-0.03382,0.99727,1.00,-0.05581,-0.06219,-0.03680,0.99582,1.00
44763,0.00,0.00,-0.05555,-0.03507,-0.03372,0.99727,1.00,-0.05582,-0.06218,-0.03671,0.99583,1.00
44777,0.00,0.00,-0.05473,-0.03345,-0.03340,0.99738,1.00,-0.05503,-0.06057,-0.03636,0.99598,1.00
44790,0.00,0.00,-0.05473,-0.03345,-0.03341,0.99738,1.00,-0.05503,-0.06057,-0.03637,0.99598,1.00
44805,0.00,0.00,-0.05473,-0.03346,-0.03347,0.99738,1.00,-0.05503,-0.06057,-0.03644,0.99598,1.00
44818,0.00,0.00,-0.05475,-0.03341,-0.03352,0.99738,1.00,-0.05505,-0.06052,-0.03648,0.99598,1.00
44832,0.00,0.00,-0.05475,-0.03341,-0.03357,0.99738,1.00,-0.05504,-0.06053,-0.03653,0.99598,1.00
44846,0.00,0.00,-0.05517,-0.03550,-0.03391,0.99727,1.00,-0.05544,-0.06260,-0.03688,0.99582,1.00
44859,0.00,0.00,-0.05517,-0.03550,-0.03398,0.99727,1.00,-0.05543,-0.06261,-0.03694,0.99581,1.00
44874,0.00,0.00,-0.05537,-0.03594,-0.03400,0.99724,1.00,-0.05563,-0.06305,-0.03696,0.99577,1.00
44888,0.00,0.00,-0.05537,-0.03594,-0.03390,0.99724,1.00,-0.05564,-0.06304,-0.03687,0.99578,1.00
44902,0.00,0.00,-0.05538,-0.03593,-0.03372,0.99725,1.00,-0.05565,-0.06303,-0.03669,0.99578,1.00
44916,0.00,0.00,-0.05535,-0.03549,-0.03354,0.99727,1.00,-0.05563,-0.06260,-0.03652,0.99582,1.00
44929,0.00,0.00,-0.05535,-0.03549,-0.03350,0.99727,1.00,-0.05563,-0.06260,-0.03648,0.99582,1.00
44944,0.00,0.00,-0.05665,-0.03477,-0.03337,0.99723,1.00,-0.05693,-0.06189,-0.03640,0.99579,1.00
44957,0.00,0.00,-0.05666,-0.03476,-0.03314,0.99724,1.00,-0.05694,-0.06188,-0.03618,0.99580,1.00
44972,0.00,0.00,-0.05667,-0.03475,-0.03299,0.99724,1.00,-0.05695,-0.06187,-0.03604,0.99581,1.00
44985,0.00,0.00,-0.05646,-0.03465,-0.03286,0.99726,1.00,-0.05674,-0.06177,-0.03589,0.99583,1.00
45000,0.00,0.00,-0.05646,-0.03465,-0.03282,0.99726,1.00,-0.05674,-0.06177,-0.03585,0.99583,1.00
45013,0.00,0.00,-0.05612,-0.02859,-0.03214,0.99750,1.00,-0.05645,-0.05575,-0.03518,0.99623,1.00
45027,0.00,0.00,-0.05612,-0.02859,-0.03219,0.99750,1.00,-0.05645,-0.05575,-0.03522,0.99623,1.00
45041,0.00,0.00,-0.05558,-0.02584,-0.03197,0.99761,1.00,-0.05593,-0.05302,-0.03500,0.99641,1.00
45055,0.00,0.00,-0.05558,-0.02584,-0.03198,0.99761,1.00,-0.05593,-0.05302,-0.03502,0.99641,1.00
45069,0.00,0.00,-0.05558,-0.02584,-0.03192,0.99761,1.00,-0.05594,-0.05301,-0.03496,0.99641,1.00
45083,0.00,0.00,-0.05553,-0.02603,-0.03184,0.99761,1.00,-0.05588,-0.05320,-0.03488,0.99641,1.00
45097,0.00,0.00,-0.05553,-0.02603,-0.03177,0.99761,1.00,-0.05589,-0.05320,-0.03480,0.99641,1.00
45111,0.00,0.00,-0.05521,-0.02521,-0.03170,0.99765,1.00,-0.05557,-0.05239,-0.03472,0.99647,1.00
45124,0.00,0.00,-0.05521,-0.02521,-0.03161,0.99766,1.00,-0.05558,-0.05238,-0.03463,0.99648,1.00
45139,0.00,0.00,-0.05521,-0.02520,-0.03151,0.99766,1.00,-0.05558,-0.05237,-0.03453,0.99648,1.00
45152,0.00,0.00,-0.05711,-0.02523,-0.03151,0.99755,1.00,-0.05746,-0.05241,-0.03458,0.99637,1.00
45166,0.00,0.00,-0.05711,-0.02522,-0.03142,0.99755,1.00,-0.05747,-0.05240,-0.03447,0.99637,1.00
45180,0.00,0.00,-0.05551,-0.02535,-0.03135,0.99764,1.00,-0.05587,-0.05252,-0.03435,0.99646,1.00
45194,0.00,0.00,-0.05551,-0.02535,-0.03146,0.99764,1.00,-0.05586,-0.05252,-0.03445,0.99646,1.00
45209,0.00,0.00,-0.05543,-0.03123,-0.03227,0.99745,1.00,-0.05572,-0.05837,-0.03524,0.99612,1.00
45222,0.00,0.00,-0.05543,-0.03123,-0.03229,0.99745,1.00,-0.05572,-0.05837,-0.03525,0.99612,1.00
45237,0.00,15.00,-0.05543,-0.03123,-0.03228,0.99745,1.00,-0.05572,-0.05837,-0.03524,0.99612,1.00
45250,0.00,15.00,-0.05566,-0.03155,-0.03228,0.99743,1.00,-0.05595,-0.05869,-0.03526,0.99608,1.00
45263,0.00,15.00,-0.05566,-0.03155,-0.03218,0.99743,1.00,-0.05595,-0.05869,-0.03515,0.99609,1.00
45278,0.00,15.00,-0.05583,-0.03164,-0.03212,0.99742,1.00,-0.05613,-0.05878,-0.03508,0.99607,1.00
45291,0.00,15.00,-0.05582,-0.03166,-0.03236,0.99741,1.00,-0.05611,-0.05880,-0.03532,0.99607,1.00
45306,0.00,15.00,-0.05581,-0.03167,-0.03261,0.99741,1.00,-0.05610,-0.05881,-0.03558,0.99606,1.00
45319,0.00,15.00,-0.05761,-0.03295,-0.03287,0.99725,1.00,-0.05787,-0.06009,-0.03588,0.99587,1.00
45334,0.00,15.00,-0.05761,-0.03294,-0.03285,0.99725,1.00,-0.05787,-0.06009,-0.03585,0.99587,1.00
45348,0.00,15.00,-0.05769,-0.03271,-0.03274,0.99726,1.00,-0.05796,-0.05985,-0.03574,0.99588,1.00
45361,0.00,15.00,-0.05769,-0.03271,-0.03278,0.99726,1.00,-0.05796,-0.05985,-0.03578,0.99588,1.00
45376,0.00,15.00,-0.05733,-0.03239,-0.03269,0.99729,1.00,-0.05761,-0.05953,-0.03568,0.99592,1.00
45389,0.00,15.00,-0.05733,-0.03239,-0.03264,0.99730,1.00,-0.05761,-0.05953,-0.03563,0.99593,1.00
45404,0.00,15.00,-0.05733,-0.03239,-0.03265,0.99730,1.00,-0.05761,-0.05953,-0.03565,0.99592,1.00
45417,0.00,15.00,-0.04856,-0.03243,-0.03243,0.99777,1.00,-0.04889,-0.05952,-0.03518,0.99641,1.00
45431,0.00,15.00,-0.04855,-0.03244,-0.03255,0.99776,1.00,-0.04888,-0.05953,-0.03529,0.99640,1.00
45445,0.00,15.00,-0.00638,-0.03364,-0.03123,0.99893,1.00,-0.00698,-0.06057,-0.03283,0.99760,1.00
45458,0.00,15.00,-0.00638,-0.03364,-0.03131,0.99892,1.00,-0.00697,-0.06057,-0.03290,0.99760,1.00
45473,0.00,15.00,-0.00638,-0.03364,-0.03134,0.99892,1.00,-0.00697,-0.06057,-0.03293,0.99760,1.00
45487,0.00,15.00,-0.00380,0.05505,-0.02593,0.99814,1.00,-0.00474,0.02810,-0.02761,0.99921,1.00
45501,0.00,15.00,-0.00380,0.05505,-0.02592,0.99814,1.00,-0.00474,0.02810,-0.02759,0.99921,1.00
45515,0.00,15.00,-0.05478,0.05803,-0.02283,0.99655,1.00,-0.05602,0.03088,-0.02590,0.99762,1.00
45529,0.00,15.00,-0.05478,0.05803,-0.02283,0.99655,1.00,-0.05602,0.03088,-0.02589,0.99762,1.00
45543,0.00,15.00,-0.05556,0.06276,-0.02220,0.99623,1.00,-0.05687,0.03564,-0.02528,0.99743,1.00
45556,0.00,15.00,-0.05556,0.06276,-0.02215,0.99623,1.00,-0.05687,0.03564,-0.02523,0.99743,1.00
45571,0.00,15.00,-0.05556,0.06276,-0.02211,0.99624,1.00,-0.05687,0.03564,-0.02519,0.99743,1.00
45584,0.00,15.00,-0.06496,0.05985,-0.02185,0.99585,1.00,-0.06629,0.03265,-0.02520,0.99695,1.00
45598,0.00,15.00,-0.06496,0.05985,-0.02189,0.99585,1.00,-0.06629,0.03265,-0.02524,0.99695,1.00
45613,0.00,15.00,-0.06710,0.05991,-0.02174,0.99571,1.00,-0.06844,0.03270,-0.02515,0.99680,1.00
45626,0.00,15.00,-0.06711,0.05991,-0.02180,0.99571,1.00,-0.06845,0.03269,-0.02521,0.99680,1.00
45640,0.00,15.00,-0.06624,0.05975,-0.02191,0.99577,1.00,-0.06757,0.03254,-0.02530,0.99686,1.00
45654,0.00,15.00,-0.06624,0.05975,-0.02193,0.99577,1.00,-0.06757,0.03254,-0.02531,0.99686,1.00
45669,0.00,15.00,-0.06624,0.05975,-0.02188,0.99577,1.00,-0.06757,0.03254,-0.02526,0.99686,1.00
45682,0.00,15.00,-0.06613,0.06106,-0.02166,0.99570,1.00,-0.06748,0.03386,-0.02504,0.99683,1.00
45696,0.00,15.00,-0.06613,0.06107,-0.02160,0.99571,1.00,-0.06748,0.03387,-0.02498,0.99683,1.00
45710,0.00,15.00,-0.06616,0.06210,-0.02140,0.99565,1.00,-0.06752,0.03490,-0.02478,0.99680,1.00
45724,0.00,15.00,-0.06616,0.06210,-0.02140,0.99565,1.00,-0.06752,0.03490,-0.02479,0.99680,1.00
45738,0.00,15.00,-0.06616,0.06210,-0.02138,0.99565,1.00,-0.06752,0.03490,-0.02478,0.99680,1.00
45751,0.00,15.00,-0.06521,0.06220,-0.02144,0.99570,1.00,-0.06657,0.03501,-0.02480,0.99686,1.00
45766,0.00,15.00,-0.06521,0.06220,-0.02141,0.99570,1.00,-0.06657,0.03501,-0.02478,0.99686,1.00
45780,0.00,15.00,-0.06125,0.12921,-0.01318,0.98964,1.00,-0.06337,0.10278,-0.01636,0.99255,1.00
45793,0.00,15.00,-0.06126,0.12920,-0.01326,0.98963,1.00,-0.06337,0.10278,-0.01643,0.99255,1.00
45807,0.00,15.00,-0.05806,0.13593,-0.01294,0.98893,1.00,-0.06019,0.10963,-0.01601,0.99202,1.00
45821,0.00,15.00,-0.05807,0.13592,-0.01304,0.98893,1.00,-0.06020,0.10962,-0.01611,0.99202,1.00
45836,0.00,15.00,-0.05808,0.13592,-0.01312,0.98893,1.00,-0.06021,0.10962,-0.01620,0.99202,1.00
45849,0.00,15.00,-0.05794,0.13629,-0.01308,0.98889,1.00,-0.06008,0.11000,-0.01616,0.99198,1.00
45863,0.00,15.00,-0.05792,0.13630,-0.01292,0.98889,1.00,-0.06006,0.11001,-0.01600,0.99199,1.00
45877,0.00,15.00,-0.05496,0.13615,-0.01319,0.98907,1.00,-0.05706,0.10988,-0.01619,0.99217,1.00
45891,0.00,15.00,-0.05494,0.13616,-0.01307,0.98908,1.00,-0.05704,0.10989,-0.01607,0.99218,1.00
45905,0.00,15.00,-0.05475,0.13736,-0.01288,0.98892,1.00,-0.05686,0.11111,-0.01587,0.99205,1.00
45919,0.00,15.00,-0.05475,0.13736,-0.01285,0.98892,1.00,-0.05686,0.11111,-0.01584,0.99205,1.00
45933,0.00,15.00,-0.05474,0.13736,-0.01284,0.98892,1.00,-0.05685,0.11111,-0.01582,0.99205,1.00
45947,0.00,15.00,-0.05415,0.13608,-0.01311,0.98913,1.00,-0.05623,0.10981,-0.01607,0.99223,1.00
45960,0.00,15.00,-0.05415,0.13608,-0.01310,0.98913,1.00,-0.05623,0.10981,-0.01605,0.99223,1.00
45975,0.00,15.00,-0.05424,0.13740,-0.01292,0.98894,1.00,-0.05633,0.11116,-0.01586,0.99208,1.00
45989,0.00,15.00,-0.05425,0.13740,-0.01299,0.98894,1.00,-0.05633,0.11116,-0.01593,0.99208,1.00
46003,0.00,15.00,-0.05425,0.13740,-0.01297,0.98894,1.00,-0.05633,0.11116,-0.01591,0.99208,1.00
46016,0.00,15.00,-0.05412,0.13831,-0.01295,0.98882,1.00,-0.05621,0.11209,-0.01589,0.99198,1.00
46030,0.00,15.00,-0.05411,0.13832,-0.01290,0.98882,1.00,-0.05620,0.11209,-0.01585,0.99198,1.00
46044,0.00,15.00,-0.05255,0.13875,-0.01302,0.98885,1.00,-0.05462,0.11254,-0.01594,0.99202,1.00
46058,0.00,15.00,-0.05255,0.13875,-0.01304,0.98885,1.00,-0.05462,0.11254,-0.01595,0.99202,1.00
46072,0.00,15.00,-0.05395,0.13874,-0.01284,0.98878,1.00,-0.05604,0.11252,-0.01578,0.99194,1.00
46086,0.00,15.00,-0.05397,0.13873,-0.01300,0.98877,1.00,-0.05606,0.11251,-0.01595,0.99194,1.00
46100,0.00,15.00,-0.05398,0.13872,-0.01309,0.98877,1.00,-0.05607,0.11251,-0.01604,0.99194,1.00
46114,0.00,15.00,-0.05403,0.13803,-0.01314,0.98887,1.00,-0.05611,0.11181,-0.01610,0.99201,1.00
46128,0.00,15.00,-0.05400,0.13805,-0.01293,0.98887,1.00,-0.05609,0.11182,-0.01590,0.99202,1.00
46142,0.00,15.00,-0.05382,0.13786,-0.01291,0.98890,1.00,-0.05591,0.11162,-0.01587,0.99205,1.00
46156,0.00,15.00,-0.05382,0.13786,-0.01287,0.98890,1.00,-0.05591,0.11163,-0.01584,0.99205,1.00
46170,0.00,15.00,-0.05381,0.13786,-0.01284,0.98891,1.00,-0.05591,0.11163,-0.01581,0.99205,1.00
46183,0.00,15.00,-0.05294,0.13837,-0.01292,0.98888,1.00,-0.05502,0.11214,-0.01586,0.99204,1.00
46197,0.00,15.00,-0.05295,0.13836,-0.01301,0.98888,1.00,-0.05503,0.11214,-0.01595,0.99204,1.00
46211,0.00,15.00,-0.05248,0.13855,-0.01329,0.98887,1.00,-0.05454,0.11233,-0.01622,0.99204,1.00
46225,0.00,15.00,-0.05249,0.13854,-0.01339,0.98887,1.00,-0.05456,0.11233,-0.01632,0.99204,1.00
46239,0.00,15.00,-0.05277,0.13943,-0.01332,0.98873,1.00,-0.05485,0.11323,-0.01625,0.99192,1.00
46253,0.00,15.00,-0.05278,0.13943,-0.01340,0.98873,1.00,-0.05486,0.11323,-0.01634,0.99192,1.00
46268,0.00,15.00,-0.05279,0.13943,-0.01345,0.98873,1.00,-0.05487,0.11322,-0.01639,0.99192,1.00
46281,0.00,15.00,-0.05238,0.13871,-0.01361,0.98885,1.00,-0.05445,0.11249,-0.01654,0.99202,1.00
46295,0.00,15.00,-0.05239,0.13870,-0.01368,0.98885,1.00,-0.05446,0.11249,-0.01662,0.99202,1.00
46309,0.00,15.00,-0.05224,0.14057,-0.01351,0.98860,1.00,-0.05434,0.11439,-0.01644,0.99181,1.00
46322,0.00,15.00,-0.05224,0.14057,-0.01354,0.98860,1.00,-0.05434,0.11438,-0.01647,0.99181,1.00
46337,0.00,15.00,-0.05224,0.14057,-0.01352,0.98860,1.00,-0.05434,0.11438,-0.01645,0.99181,1.00
46350,0.00,15.00,-0.05160,0.13960,-0.01365,0.98877,1.00,-0.05368,0.11340,-0.01657,0.99196,1.00
46364,0.00,15.00,-0.05159,0.13960,-0.01362,0.98877,1.00,-0.05368,0.11340,-0.01653,0.99196,1.00
46379,0.00,15.00,-0.05156,0.13967,-0.01361,0.98876,1.00,-0.05364,0.11347,-0.01652,0.99196,1.00
46392,0.00,15.00,-0.05155,0.13967,-0.01359,0.98876,1.00,-0.05364,0.11347,-0.01650,0.99196,1.00
46406,0.00,15.00,-0.05165,0.13835,-0.01365,0.98894,1.00,-0.05372,0.11213,-0.01657,0.99210,1.00
46420,0.00,15.00,-0.05164,0.13836,-0.01357,0.98894,1.00,-0.05372,0.11214,-0.01650,0.99210,1.00
46434,0.00,15.00,-0.05162,0.13836,-0.01344,0.98894,1.00,-0.05370,0.11214,-0.01638,0.99210,1.00
46448,0.00,15.00,-0.05311,0.13820,-0.01324,0.98889,1.00,-0.05521,0.11197,-0.01623,0.99204,1.00
46462,0.00,15.00,-0.05311,0.13820,-0.01320,0.98889,1.00,-0.05521,0.11197,-0.01621,0.99204,1.00
46476,0.00,15.00,-0.05126,0.13805,-0.01346,0.98901,1.00,-0.05333,0.11183,-0.01642,0.99216,1.00
46490,0.00,15.00,-0.05124,0.13806,-0.01329,0.98901,1.00,-0.05332,0.11184,-0.01625,0.99216,1.00
46504,0.00,15.00,-0.05123,0.13806,-0.01321,0.98901,1.00,-0.05331,0.11184,-0.01617,0.99216,1.00
46517,0.00,15.00,-0.05392,0.13956,-0.01253,0.98867,1.00,-0.05607,0.11335,-0.01557,0.99185,1.00
46531,0.00,15.00,-0.05391,0.13956,-0.01246,0.98867,1.00,-0.05606,0.11335,-0.01549,0.99185,1.00
46545,0.00,15.00,-0.05386,0.13958,-0.01241,0.98867,1.00,-0.05600,0.11337,-0.01544,0.99185,1.00
46559,0.00,15.00,-0.05385,0.13958,-0.01235,0.98867,1.00,-0.05599,0.11337,-0.01539,0.99185,1.00
46573,0.00,15.00,-0.05526,0.13426,-0.01273,0.98932,1.00,-0.05736,0.10795,-0.01582,0.99237,1.00
46587,0.00,15.00,-0.05525,0.13427,-0.01269,0.98932,1.00,-0.05735,0.10796,-0.01578,0.99237,1.00
46602,0.00,15.00,-0.05526,0.13426,-0.01275,0.98932,1.00,-0.05736,0.10795,-0.01584,0.99237,1.00
46615,0.00,15.00,-0.06008,0.06766,-0.02080,0.99568,1.00,-0.06147,0.04054,-0.02410,0.99699,1.00
46629,0.00,15.00,-0.06008,0.06766,-0.02084,0.99568,1.00,-0.06147,0.04054,-0.02414,0.99699,1.00
46643,0.00,15.00,-0.06165,0.02481,-0.02611,0.99745,1.00,-0.06254,-0.00251,-0.02943,0.99761,1.00
46657,0.00,15.00,-0.06165,0.02480,-0.02614,0.99745,1.00,-0.06254,-0.00251,-0.02948,0.99760,1.00
46671,0.00,15.00,-0.06164,0.02481,-0.02605,0.99745,1.00,-0.06254,-0.00251,-0.02940,0.99761,1.00
46684,0.00,15.00,-0.06064,0.02474,-0.02589,0.99752,1.00,-0.06154,-0.00257,-0.02920,0.99767,1.00
46699,0.00,15.00,-0.06064,0.02475,-0.02574,0.99752,1.00,-0.06154,-0.00256,-0.02905,0.99768,1.00
46713,0.00,15.00,-0.06040,0.02482,-0.02561,0.99754,1.00,-0.06131,-0.00249,-0.02892,0.99770,1.00
46726,0.00,15.00,-0.06040,0.02482,-0.02556,0.99754,1.00,-0.06131,-0.00248,-0.02886,0.99770,1.00
46740,0.00,15.00,-0.05970,0.02482,-0.02550,0.99758,1.00,-0.06059,-0.00248,-0.02877,0.99774,1.00
46754,0.00,15.00,-0.05970,0.02482,-0.02548,0.99758,1.00,-0.06059,-0.00248,-0.02875,0.99775,1.00
46769,0.00,15.00,-0.05970,0.02482,-0.02549,0.99758,1.00,-0.06059,-0.00248,-0.02874,0.99775,1.00
46782,0.00,15.00,-0.06234,0.02454,-0.02546,0.99743,1.00,-0.06323,-0.00278,-0.02879,0.99758,1.00
46796,0.00,15.00,-0.06235,0.02454,-0.02551,0.99743,1.00,-0.06323,-0.00279,-0.02884,0.99758,1.00
46810,0.00,15.00,-0.06091,0.02228,-0.02586,0.99756,1.00,-0.06177,-0.00503,-0.02915,0.99765,1.00
46824,0.00,15.00,-0.06091,0.02228,-0.02586,0.99756,1.00,-0.06177,-0.00504,-0.02916,0.99765,1.00
46838,0.00,15.00,-0.06258,0.02406,-0.02548,0.99742,1.00,-0.06346,-0.00326,-0.02884,0.99756,1.00
46852,0.00,15.00,-0.06258,0.02406,-0.02540,0.99743,1.00,-0.06347,-0.00326,-0.02878,0.99756,1.00
46866,0.00,15.00,-0.06258,0.02407,-0.02530,0.99743,1.00,-0.06347,-0.00325,-0.02867,0.99757,1.00
46879,0.00,15.00,-0.06216,0.05339,-0.02156,0.99640,1.00,-0.06339,0.02616,-0.02494,0.99733,1.00
46893,0.00,15.00,-0.06217,0.05338,-0.02173,0.99640,1.00,-0.06340,0.02615,-0.02512,0.99733,1.00
46908,0.00,15.00,-0.06083,0.09804,-0.01620,0.99319,1.00,-0.06257,0.07119,-0.01953,0.99531,1.00
46921,0.00,15.00,-0.06082,0.09804,-0.01611,0.99319,1.00,-0.06257,0.07120,-0.01945,0.99531,1.00
46936,0.00,15.00,-0.06081,0.09805,-0.01596,0.99319,1.00,-0.06256,0.07121,-0.01930,0.99531,1.00
46949,0.00,15.00,-0.06327,0.09826,-0.01563,0.99302,1.00,-0.06505,0.07141,-0.01904,0.99514,1.00
46963,0.00,15.00,-0.06327,0.09827,-0.01560,0.99302,1.00,-0.06505,0.07141,-0.01901,0.99514,1.00
46977,0.00,15.00,-0.06345,0.09794,-0.01562,0.99304,1.00,-0.06522,0.07108,-0.01905,0.99515,1.00
46991,0.00,15.00,-0.06345,0.09794,-0.01563,0.99304,1.00,-0.06522,0.07108,-0.01907,0.99515,1.00
47005,0.00,15.00,-0.06394,0.09635,-0.01584,0.99317,1.00,-0.06570,0.06946,-0.01929,0.99523,1.00
47019,0.00,15.00,-0.06395,0.09634,-0.01593,0.99316,1.00,-0.06571,0.06946,-0.01938,0.99523,1.00
47033,0.00,15.00,-0.06396,0.09634,-0.01607,0.99316,1.00,-0.06572,0.06945,-0.01952,0.99523,1.00
47047,0.00,15.00,-0.06390,0.09564,-0.01634,0.99323,1.00,-0.06564,0.06875,-0.01978,0.99528,1.00
47061,0.00,15.00,-0.06390,0.09564,-0.01637,0.99323,1.00,-0.06564,0.06875,-0.01981,0.99528,1.00
47074,0.00,15.00,-0.06314,0.09564,-0.01653,0.99327,1.00,-0.06488,0.06875,-0.01995,0.99532,1.00
47088,0.00,15.00,-0.06314,0.09564,-0.01654,0.99327,1.00,-0.06488,0.06875,-0.01996,0.99532,1.00
47103,0.00,15.00,-0.06314,0.09564,-0.01655,0.99327,1.00,-0.06488,0.06874,-0.01998,0.99532,1.00
47116,0.00,15.00,-0.06182,0.09602,-0.01665,0.99332,1.00,-0.06356,0.06914,-0.02004,0.99538,1.00
47130,0.00,15.00,-0.06182,0.09602,-0.01660,0.99332,1.00,-0.06356,0.06914,-0.01999,0.99538,1.00
47144,0.00,15.00,-0.06090,0.10169,-0.01590,0.99282,1.00,-0.06270,0.07489,-0.01925,0.99503,1.00
47158,0.00,15.00,-0.06090,0.10170,-0.01587,0.99282,1.00,-0.06270,0.07489,-0.01922,0.99503,1.00
47172,0.00,15.00,-0.05877,0.12609,-0.01292,0.99019,1.00,-0.06083,0.09962,-0.01617,0.99303,1.00
47186,0.00,15.00,-0.05877,0.12609,-0.01290,0.99019,1.00,-0.06082,0.09963,-0.01614,0.99303,1.00
47200,0.00,15.00,-0.05876,0.12609,-0.01281,0.99019,1.00,-0.06082,0.09963,-0.01606,0.99303,1.00
47214,0.00,15.00,-0.05876,0.12653,-0.01267,0.99014,1.00,-0.06083,0.10007,-0.01592,0.99299,1.00
47228,0.00,15.00,-0.05876,0.12653,-0.01262,0.99014,1.00,-0.06083,0.10007,-0.01588,0.99299,1.00
47242,0.00,0.00,-0.05869,0.12653,-0.01264,0.99014,1.00,-0.06076,0.10007,-0.01590,0.99300,1.00
47255,0.00,0.00,-0.05869,0.12653,-0.01258,0.99015,1.00,-0.06075,0.10007,-0.01585,0.99300,1.00
47270,0.00,0.00,-0.05868,0.12653,-0.01253,0.99015,1.00,-0.06075,0.10007,-0.01580,0.99300,1.00
47283,0.00,0.00,-0.05943,0.12657,-0.01235,0.99010,1.00,-0.06151,0.10011,-0.01564,0.99295,1.00
47297,0.00,0.00,-0.05943,0.12657,-0.01233,0.99010,1.00,-0.06151,0.10011,-0.01562,0.99295,1.00
47311,0.00,0.00,-0.06013,0.12543,-0.01230,0.99020,1.00,-0.06221,0.09894,-0.01561,0.99302,1.00
47325,0.00,0.00,-0.06014,0.12542,-0.01231,0.99020,1.00,-0.06221,0.09894,-0.01563,0.99302,1.00
47339,0.00,0.00,-0.05999,0.12653,-0.01225,0.99007,1.00,-0.06207,0.10006,-0.01555,0.99292,1.00
47353,0.00,0.00,-0.05998,0.12653,-0.01218,0.99007,1.00,-0.06206,0.10006,-0.01548,0.99292,1.00
47367,0.00,0.00,-0.05996,0.12654,-0.01205,0.99007,1.00,-0.06205,0.10007,-0.01535,0.99293,1.00
47381,0.00,0.00,-0.06000,0.12728,-0.01183,0.98998,1.00,-0.06209,0.10083,-0.01513,0.99285,1.00
47394,0.00,0.00,-0.06001,0.12728,-0.01193,0.98998,1.00,-0.06210,0.10082,-0.01522,0.99285,1.00
47408,0.00,0.00,-0.05613,0.13704,-0.01131,0.98891,1.00,-0.05826,0.11076,-0.01448,0.99203,1.00
47423,0.00,0.00,-0.05616,0.13702,-0.01151,0.98891,1.00,-0.05828,0.11075,-0.01467,0.99203,1.00
47437,0.00,0.00,-0.05617,0.13702,-0.01162,0.98891,1.00,-0.05829,0.11075,-0.01479,0.99203,1.00
47450,0.00,0.00,-0.05620,0.13698,-0.01168,0.98891,1.00,-0.05832,0.11071,-0.01486,0.99203,1.00
47464,0.00,0.00,-0.05620,0.13698,-0.01173,0.98891,1.00,-0.05833,0.11070,-0.01491,0.99203,1.00
47478,0.00,0.00,-0.05756,0.10551,-0.01554,0.99263,1.00,-0.05935,0.07877,-0.01881,0.99495,1.00
47492,0.00,0.00,-0.05754,0.10552,-0.01543,0.99263,1.00,-0.05934,0.07878,-0.01870,0.99495,1.00
47506,0.00,0.00,-0.05901,-0.01686,-0.03043,0.99765,1.00,-0.05943,-0.04410,-0.03366,0.99669,1.00
47520,0.00,0.00,-0.05901,-0.01686,-0.03045,0.99765,1.00,-0.05943,-0.04410,-0.03368,0.99669,1.00
47534,0.00,0.00,-0.05901,-0.01686,-0.03045,0.99765,1.00,-0.05943,-0.04410,-0.03368,0.99669,1.00
47548,0.00,0.00,-0.05493,-0.02235,-0.03104,0.99776,1.00,-0.05530,-0.04954,-0.03414,0.99666,1.00
47562,0.00,0.00,-0.05493,-0.02235,-0.03110,0.99776,1.00,-0.05530,-0.04954,-0.03419,0.99665,1.00
47576,0.00,0.00,-0.05465,-0.02331,-0.03120,0.99775,1.00,-0.05501,-0.05050,-0.03428,0.99662,1.00
47590,0.00,0.00,-0.05466,-0.02331,-0.03110,0.99775,1.00,-0.05502,-0.05049,-0.03419,0.99662,1.00
47604,0.00,0.00,-0.05466,-0.02330,-0.03100,0.99775,1.00,-0.05502,-0.05049,-0.03408,0.99663,1.00
47617,0.00,0.00,-0.05228,-0.02417,-0.03097,0.99786,1.00,-0.05265,-0.05133,-0.03400,0.99671,1.00
47631,0.00,0.00,-0.05228,-0.02416,-0.03089,0.99786,1.00,-0.05266,-0.05133,-0.03392,0.99672,1.00
47645,0.00,0.00,-0.05219,-0.02439,-0.03076,0.99787,1.00,-0.05256,-0.05155,-0.03381,0.99671,1.00
47659,0.00,0.00,-0.05220,-0.02438,-0.03071,0.99787,1.00,-0.05257,-0.05155,-0.03375,0.99671,1.00
47673,0.00,0.00,-0.05547,-0.02467,-0.03069,0.99768,1.00,-0.05582,-0.05186,-0.03381,0.99652,1.00
47687,0.00,0.00,-0.05547,-0.02468,-0.03089,0.99768,1.00,-0.05581,-0.05187,-0.03400,0.99651,1.00
47701,0.00,0.00,-0.05546,-0.02469,-0.03108,0.99767,1.00,-0.05580,-0.05188,-0.03419,0.99651,1.00
47715,0.00,0.00,-0.05746,-0.02625,-0.03140,0.99751,1.00,-0.05777,-0.05344,-0.03456,0.99630,1.00
47729,0.00,0.00,-0.05746,-0.02625,-0.03133,0.99751,1.00,-0.05777,-0.05344,-0.03449,0.99630,1.00
47743,0.00,0.00,-0.05617,-0.02651,-0.03130,0.99758,1.00,-0.05648,-0.05369,-0.03442,0.99636,1.00
47756,0.00,0.00,-0.05617,-0.02651,-0.03133,0.99758,1.00,-0.05648,-0.05369,-0.03444,0.99636,1.00
47771,0.00,0.00,-0.05617,-0.02651,-0.03134,0.99758,1.00,-0.05648,-0.05369,-0.03446,0.99636,1.00
47784,0.00,0.00,-0.05630,-0.02866,-0.03168,0.99750,1.00,-0.05659,-0.05583,-0.03479,0.99623,1.00
47798,0.00,0.00,-0.05629,-0.02866,-0.03172,0.99750,1.00,-0.05658,-0.05583,-0.03482,0.99623,1.00
47812,0.00,0.00,-0.05539,-0.02634,-0.03157,0.99762,1.00,-0.05571,-0.05351,-0.03463,0.99641,1.00
47826,0.00,0.00,-0.05539,-0.02634,-0.03164,0.99762,1.00,-0.05570,-0.05351,-0.03469,0.99641,1.00
47840,0.00,0.00,-0.05534,-0.02717,-0.03182,0.99759,1.00,-0.05566,-0.05434,-0.03485,0.99636,1.00
47854,0.00,0.00,-0.05534,-0.02718,-0.03193,0.99759,1.00,-0.05565,-0.05434,-0.03495,0.99636,1.00
47868,0.00,0.00,-0.05533,-0.02719,-0.03209,0.99758,1.00,-0.05564,-0.05435,-0.03511,0.99635,1.00
47882,0.00,0.00,-0.05580,-0.02644,-0.03226,0.99757,1.00,-0.05612,-0.05361,-0.03529,0.99636,1.00
47896,0.00,0.00,-0.05580,-0.02644,-0.03233,0.99757,1.00,-0.05612,-0.05361,-0.03536,0.99636,1.00
47910,0.00,0.00,-0.05780,-0.02623,-0.03246,0.99746,1.00,-0.05812,-0.05341,-0.03554,0.99625,1.00
47924,0.00,0.00,-0.05780,-0.02623,-0.03248,0.99745,1.00,-0.05812,-0.05342,-0.03557,0.99624,1.00
47938,0.00,0.00,-0.05780,-0.02623,-0.03254,0.99745,1.00,-0.05812,-0.05342,-0.03563,0.99624,1.00
47951,0.00,0.00,-0.05793,-0.02597,-0.03250,0.99745,1.00,-0.05826,-0.05315,-0.03560,0.99625,1.00
47965,0.00,0.00,-0.05793,-0.02597,-0.03250,0.99745,1.00,-0.05826,-0.05315,-0.03560,0.99625,1.00
47979,0.00,0.00,-0.05207,-0.02531,-0.03229,0.99780,1.00,-0.05245,-0.05247,-0.03523,0.99662,1.00
47993,0.00,0.00,-0.05207,-0.02532,-0.03230,0.99780,1.00,-0.05245,-0.05247,-0.03524,0.99662,1.00
48007,0.00,0.00,-0.03968,-0.01625,-0.03118,0.99859,1.00,-0.04021,-0.04338,-0.03380,0.99768,1.00
48021,0.00,0.00,-0.03968,-0.01625,-0.03123,0.99859,1.00,-0.04021,-0.04338,-0.03386,0.99767,1.00
48035,0.00,0.00,-0.03968,-0.01626,-0.03133,0.99859,1.00,-0.04020,-0.04339,-0.03395,0.99767,1.00
48049,0.00,0.00,0.03969,0.01716,-0.02929,0.99864,1.00,0.03891,-0.00990,-0.02982,0.99875,1.00
48063,0.00,0.00,0.03969,0.01716,-0.02920,0.99864,1.00,0.03891,-0.00990,-0.02973,0.99875,1.00
48077,0.00,0.00,0.03976,0.01716,-0.02909,0.99864,1.00,0.03897,-0.00990,-0.02962,0.99875,1.00
48090,0.00,0.00,0.03976,0.01716,-0.02904,0.99864,1.00,0.03897,-0.00991,-0.02957,0.99875,1.00
48105,0.00,0.00,0.03976,0.01716,-0.02908,0.99864,1.00,0.03897,-0.00991,-0.02961,0.99875,1.00
48118,0.00,0.00,-0.01268,-0.00464,-0.02980,0.99946,1.00,-0.01339,-0.03171,-0.03172,0.99890,1.00
48132,0.00,0.00,-0.01268,-0.00464,-0.02972,0.99947,1.00,-0.01339,-0.03171,-0.03164,0.99891,1.00
48146,0.00,0.00,-0.04784,-0.02268,-0.03169,0.99809,1.00,-0.04829,-0.04982,-0.03454,0.99699,1.00
48160,0.00,0.00,-0.04784,-0.02268,-0.03159,0.99810,1.00,-0.04829,-0.04982,-0.03445,0.99700,1.00
48174,0.00,0.00,-0.05049,-0.02311,-0.03172,0.99795,1.00,-0.05090,-0.05027,-0.03464,0.99684,1.00
48188,0.00,0.00,-0.05048,-0.02311,-0.03180,0.99795,1.00,-0.05090,-0.05027,-0.03472,0.99683,1.00
48202,0.00,0.00,-0.05048,-0.02312,-0.03195,0.99795,1.00,-0.05089,-0.05028,-0.03486,0.99683,1.00
48216,0.00,0.00,-0.05282,-0.02454,-0.03224,0.99778,1.00,-0.05320,-0.05170,-0.03520,0.99662,1.00
48230,0.00,0.00,-0.05282,-0.02454,-0.03233,0.99778,1.00,-0.05319,-0.05170,-0.03529,0.99662,1.00
48244,0.00,0.00,-0.05655,-0.02652,-0.03268,0.99751,1.00,-0.05689,-0.05369,-0.03575,0.99629,1.00
48257,0.00,0.00,-0.05655,-0.02651,-0.03257,0.99752,1.00,-0.05690,-0.05369,-0.03565,0.99630,1.00
48272,0.00,0.00,-0.05652,-0.02652,-0.03243,0.99752,1.00,-0.05687,-0.05369,-0.03551,0.99630,1.00
48285,0.00,0.00,-0.05652,-0.02651,-0.03228,0.99753,1.00,-0.05688,-0.05368,-0.03537,0.99631,1.00
48300,0.00,0.00,-0.05653,-0.02650,-0.03219,0.99753,1.00,-0.05688,-0.05368,-0.03529,0.99631,1.00
48313,0.00,0.00,-0.05467,-0.02613,-0.03199,0.99765,1.00,-0.05504,-0.05330,-0.03504,0.99644,1.00
48327,0.00,0.00,-0.05467,-0.02613,-0.03190,0.99765,1.00,-0.05504,-0.05329,-0.03494,0.99645,1.00
48341,0.00,0.00,-0.05432,-0.02595,-0.03181,0.99768,1.00,-0.05468,-0.05312,-0.03483,0.99648,1.00
48355,0.00,0.00,-0.05432,-0.02595,-0.03175,0.99768,1.00,-0.05469,-0.05311,-0.03477,0.99648,1.00
48369,0.00,0.00,-0.05432,-0.02595,-0.03169,0.99768,1.00,-0.05469,-0.05311,-0.03470,0.99649,1.00
48383,0.00,0.00,-0.05394,-0.02653,-0.03173,0.99769,1.00,-0.05430,-0.05369,-0.03473,0.99648,1.00
48396,0.00,0.00,-0.05394,-0.02654,-0.03180,0.99768,1.00,-0.05429,-0.05370,-0.03480,0.99647,1.00
48411,0.00,0.00,-0.05414,-0.02642,-0.03180,0.99768,1.00,-0.05449,-0.05358,-0.03480,0.99647,1.00
48425,0.00,0.00,-0.05414,-0.02642,-0.03176,0.99768,1.00,-0.05449,-0.05358,-0.03477,0.99647,1.00
48439,0.00,0.00,-0.05541,-0.02596,-0.03160,0.99763,1.00,-0.05577,-0.05313,-0.03465,0.99643,1.00
48453,0.00,0.00,-0.05541,-0.02595,-0.03146,0.99763,1.00,-0.05577,-0.05312,-0.03450,0.99643,1.00
48467,0.00,0.00,-0.05542,-0.02595,-0.03144,0.99763,1.00,-0.05577,-0.05312,-0.03448,0.99643,1.00
48480,0.00,0.00,-0.05535,-0.02445,-0.03152,0.99767,1.00,-0.05571,-0.05164,-0.03456,0.99651,1.00
48494,0.00,0.00,-0.05535,-0.02446,-0.03165,0.99767,1.00,-0.05571,-0.05164,-0.03469,0.99651,1.00
48508,0.00,0.00,-0.05626,-0.02437,-0.03161,0.99762,1.00,-0.05661,-0.05155,-0.03468,0.99646,1.00
48522,0.00,0.00,-0.05626,-0.02436,-0.03146,0.99762,1.00,-0.05662,-0.05155,-0.03453,0.99647,1.00
48536,0.00,0.00,-0.05626,-0.02435,-0.03139,0.99763,1.00,-0.05663,-0.05154,-0.03446,0.99647,1.00
48550,0.00,0.00,-0.05501,-0.02466,-0.03143,0.99769,1.00,-0.05538,-0.05184,-0.03447,0.99652,1.00
48564,0.00,0.00,-0.05501,-0.02466,-0.03139,0.99769,1.00,-0.05538,-0.05183,-0.03443,0.99652,1.00
48578,0.00,0.00,-0.05337,-0.02628,-0.03151,0.99773,1.00,-0.05372,-0.05344,-0.03451,0.99653,1.00
48592,0.00,0.00,-0.05337,-0.02628,-0.03148,0.99773,1.00,-0.05373,-0.05344,-0.03448,0.99653,1.00
48606,0.00,0.00,-0.05336,-0.03023,-0.03191,0.99761,1.00,-0.05367,-0.05736,-0.03489,0.99630,1.00
48619,0.00,0.00,-0.05336,-0.03023,-0.03195,0.99761,1.00,-0.05367,-0.05737,-0.03493,0.99630,1.00
48634,0.00,0.00,-0.05336,-0.03023,-0.03202,0.99760,1.00,-0.05367,-0.05737,-0.03499,0.99630,1.00
48647,0.00,0.00,-0.05333,-0.03249,-0.03237,0.99752,1.00,-0.05361,-0.05961,-0.03533,0.99615,1.00
48661,0.00,0.00,-0.05333,-0.03249,-0.03244,0.99752,1.00,-0.05361,-0.05961,-0.03540,0.99615,1.00
48675,0.00,0.00,-0.05344,-0.03023,-0.03228,0.99759,1.00,-0.05374,-0.05736,-0.03525,0.99628,1.00
48689,0.00,0.00,-0.05344,-0.03023,-0.03227,0.99759,1.00,-0.05374,-0.05736,-0.03524,0.99628,1.00
48703,0.00,0.00,-0.05344,-0.03022,-0.03221,0.99759,1.00,-0.05374,-0.05736,-0.03518,0.99629,1.00
48717,0.00,0.00,-0.05342,-0.03136,-0.03229,0.99756,1.00,-0.05373,-0.05849,-0.03525,0.99622,1.00
48731,0.00,0.00,-0.05342,-0.03136,-0.03223,0.99756,1.00,-0.05373,-0.05848,-0.03518,0.99622,1.00
48745,0.00,0.00,-0.05312,-0.03080,-0.03218,0.99759,1.00,-0.05343,-0.05792,-0.03512,0.99627,1.00
48759,0.00,0.00,-0.05312,-0.03079,-0.03215,0.99760,1.00,-0.05343,-0.05792,-0.03508,0.99627,1.00
48773,0.00,0.00,-0.05215,-0.03071,-0.03218,0.99765,1.00,-0.05247,-0.05784,-0.03508,0.99633,1.00
48787,0.00,0.00,-0.05215,-0.03072,-0.03227,0.99765,1.00,-0.05246,-0.05784,-0.03517,0.99633,1.00
48801,0.00,0.00,-0.05214,-0.03072,-0.03237,0.99764,1.00,-0.05246,-0.05785,-0.03528,0.99632,1.00
48814,0.00,0.00,-0.05231,-0.03063,-0.03249,0.99763,1.00,-0.05262,-0.05775,-0.03541,0.99631,1.00
48828,0.00,0.00,-0.05231,-0.03064,-0.03262,0.99763,1.00,-0.05262,-0.05776,-0.03553,0.99631,1.00
48842,0.00,0.00,-0.05188,-0.03057,-0.03261,0.99765,1.00,-0.05220,-0.05769,-0.03552,0.99634,1.00
48856,0.00,0.00,-0.05188,-0.03057,-0.03259,0.99765,1.00,-0.05220,-0.05769,-0.03550,0.99634,1.00
48870,0.00,0.00,-0.05188,-0.03057,-0.03253,0.99766,1.00,-0.05220,-0.05769,-0.03544,0.99634,1.00
48884,0.00,0.00,-0.05272,-0.03083,-0.03253,0.99760,1.00,-0.05304,-0.05795,-0.03546,0.99628,1.00
48898,0.00,0.00,-0.05271,-0.03083,-0.03259,0.99760,1.00,-0.05303,-0.05795,-0.03553,0.99628,1.00
48912,0.00,0.00,-0.05248,-0.03076,-0.03264,0.99761,1.00,-0.05280,-0.05788,-0.03557,0.99629,1.00
48926,0.00,0.00,-0.05248,-0.03076,-0.03265,0.99761,1.00,-0.05280,-0.05788,-0.03559,0.99629,1.00
48940,0.00,0.00,-0.05251,-0.02905,-0.03244,0.99767,1.00,-0.05285,-0.05619,-0.03539,0.99639,1.00
48954,0.00,0.00,-0.05251,-0.02905,-0.03244,0.99767,1.00,-0.05285,-0.05619,-0.03539,0.99639,1.00
48968,0.00,0.00,-0.05251,-0.02906,-0.03253,0.99767,1.00,-0.05284,-0.05619,-0.03549,0.99639,1.00
48982,0.00,0.00,-0.05220,-0.02904,-0.03267,0.99768,1.00,-0.05253,-0.05617,-0.03561,0.99640,1.00
48995,0.00,0.00,-0.05219,-0.02905,-0.03280,0.99768,1.00,-0.05252,-0.05618,-0.03574,0.99640,1.00
49010,0.00,0.00,-0.05235,-0.02936,-0.03296,0.99765,1.00,-0.05268,-0.05649,-0.03591,0.99637,1.00
49023,0.00,0.00,-0.05235,-0.02937,-0.03304,0.99765,1.00,-0.05267,-0.05650,-0.03601,0.99636,1.00
49037,0.00,0.00,-0.05235,-0.02936,-0.03300,0.99765,1.00,-0.05267,-0.05650,-0.03597,0.99636,1.00
49051,0.00,0.00,-0.05396,-0.02918,-0.03295,0.99757,1.00,-0.05430,-0.05632,-0.03597,0.99629,1.00
49065,0.00,0.00,-0.05397,-0.02918,-0.03288,0.99757,1.00,-0.05430,-0.05632,-0.03590,0.99629,1.00
49079,0.00,0.00,-0.05370,-0.02932,-0.03283,0.99759,1.00,-0.05403,-0.05646,-0.03585,0.99630,1.00
49093,0.00,0.00,-0.05370,-0.02932,-0.03281,0.99759,1.00,-0.05403,-0.05646,-0.03583,0.99630,1.00
49107,0.00,0.00,-0.05298,-0.02999,-0.03287,0.99760,1.00,-0.05331,-0.05712,-0.03586,0.99630,1.00
49121,0.00,0.00,-0.05299,-0.02999,-0.03283,0.99760,1.00,-0.05332,-0.05712,-0.03582,0.99630,1.00
49136,0.00,0.00,-0.05299,-0.02999,-0.03283,0.99760,1.00,-0.05332,-0.05712,-0.03580,0.99630,1.00
49149,0.00,0.00,-0.05080,-0.03012,-0.03267,0.99772,1.00,-0.05114,-0.05724,-0.03558,0.99641,1.00
49166,0.00,0.00,-0.05079,-0.03012,-0.03268,0.99772,1.00,-0.05114,-0.05724,-0.03559,0.99641,1.00
49177,0.00,0.00,-0.05319,-0.03022,-0.03279,0.99759,1.00,-0.05352,-0.05735,-0.03577,0.99628,1.00
49191,0.00,0.00,-0.05319,-0.03022,-0.03283,0.99759,1.00,-0.05352,-0.05735,-0.03582,0.99628,1.00
49204,0.00,0.00,-0.05598,-0.03181,-0.03309,0.99738,1.00,-0.05627,-0.05895,-0.03615,0.99602,1.00
49218,0.00,0.00,-0.05598,-0.03181,-0.03300,0.99738,1.00,-0.05628,-0.05895,-0.03607,0.99602,1.00
49232,0.00,0.00,-0.05599,-0.03180,-0.03285,0.99738,1.00,-0.05629,-0.05894,-0.03592,0.99603,1.00
49246,0.00,345.00,-0.05585,-0.03193,-0.03274,0.99739,1.00,-0.05615,-0.05907,-0.03580,0.99603,1.00
49260,0.00,345.00,-0.05584,-0.03195,-0.03298,0.99738,1.00,-0.05613,-0.05909,-0.03604,0.99602,1.00
49274,0.00,345.00,-0.05345,-0.04261,-0.03429,0.99707,1.00,-0.05363,-0.06966,-0.03725,0.99543,1.00
49288,0.00,345.00,-0.05344,-0.04261,-0.03431,0.99707,1.00,-0.05363,-0.06966,-0.03728,0.99543,1.00
49302,0.00,345.00,-0.05345,-0.04261,-0.03421,0.99707,1.00,-0.05364,-0.06966,-0.03719,0.99543,1.00
49316,0.00,345.00,-0.05337,-0.04365,-0.03420,0.99703,1.00,-0.05355,-0.07069,-0.03718,0.99537,1.00
49329,0.00,345.00,-0.05337,-0.04365,-0.03416,0.99704,1.00,-0.05356,-0.07069,-0.03714,0.99537,1.00
49344,0.00,345.00,-0.05478,-0.04357,-0.03416,0.99696,1.00,-0.05495,-0.07062,-0.03718,0.99529,1.00
49357,0.00,345.00,-0.05478,-0.04356,-0.03406,0.99697,1.00,-0.05496,-0.07061,-0.03708,0.99530,1.00
49371,0.00,345.00,-0.05545,-0.04359,-0.03407,0.99693,1.00,-0.05562,-0.07064,-0.03711,0.99526,1.00
49385,0.00,345.00,-0.05545,-0.04359,-0.03408,0.99693,1.00,-0.05562,-0.07064,-0.03711,0.99526,1.00
49399,0.00,345.00,-0.05546,-0.04359,-0.03403,0.99693,1.00,-0.05562,-0.07064,-0.03706,0.99526,1.00
49413,0.00,345.00,-0.05564,-0.04384,-0.03408,0.99691,1.00,-0.05580,-0.07090,-0.03711,0.99523,1.00
49427,0.00,345.00,-0.05564,-0.04384,-0.03409,0.99691,1.00,-0.05580,-0.07090,-0.03711,0.99523,1.00
49441,0.00,345.00,-0.05604,-0.04451,-0.03420,0.99685,1.00,-0.05619,-0.07157,-0.03722,0.99516,1.00
49455,0.00,345.00,-0.05604,-0.04451,-0.03416,0.99685,1.00,-0.05619,-0.07156,-0.03718,0.99516,1.00
49469,0.00,345.00,-0.05604,-0.04451,-0.03410,0.99685,1.00,-0.05620,-0.07156,-0.03712,0.99516,1.00
49483,0.00,345.00,-0.05625,-0.04575,-0.03415,0.99678,1.00,-0.05639,-0.07280,-0.03717,0.99506,1.00
49497,0.00,345.00,-0.05625,-0.04574,-0.03403,0.99679,1.00,-0.05640,-0.07279,-0.03706,0.99506,1.00
49511,0.00,345.00,-0.03562,-0.13116,-0.04046,0.98989,1.00,-0.03531,-0.15694,-0.04257,0.98606,1.00
49525,0.00,345.00,-0.03563,-0.13116,-0.04037,0.98990,1.00,-0.03532,-0.15694,-0.04249,0.98606,1.00
49539,0.00,345.00,-0.03712,-0.18881,-0.04552,0.98026,1.00,-0.03637,-0.21329,-0.04737,0.97516,1.00
49552,0.00,345.00,-0.03713,-0.18881,-0.04549,0.98026,1.00,-0.03638,-0.21329,-0.04734,0.97516,1.00
49567,0.00,345.00,-0.03714,-0.18881,-0.04544,0.98026,1.00,-0.03639,-0.21329,-0.04730,0.97517,1.00
49580,0.00,345.00,-0.03704,-0.19064,-0.04557,0.97990,1.00,-0.03627,-0.21507,-0.04742,0.97477,1.00
49594,0.00,345.00,-0.03704,-0.19064,-0.04558,0.97990,1.00,-0.03627,-0.21507,-0.04743,0.97477,1.00
49608,0.00,345.00,-0.03824,-0.19072,-0.04582,0.97983,1.00,-0.03743,-0.21516,-0.04770,0.97469,1.00
49622,0.00,345.00,-0.03825,-0.19072,-0.04580,0.97983,1.00,-0.03744,-0.21516,-0.04768,0.97470,1.00
49636,0.00,345.00,-0.03825,-0.19072,-0.04577,0.97983,1.00,-0.03744,-0.21516,-0.04765,0.97470,1.00
49650,0.00,345.00,-0.03871,-0.19298,-0.04607,0.97936,1.00,-0.03786,-0.21736,-0.04795,0.97418,1.00
49664,0.00,345.00,-0.03871,-0.19297,-0.04606,0.97936,1.00,-0.03786,-0.21736,-0.04794,0.97418,1.00
49678,0.00,345.00,-0.03964,-0.19300,-0.04632,0.97930,1.00,-0.03877,-0.21739,-0.04822,0.97412,1.00
49692,0.00,345.00,-0.03964,-0.19300,-0.04635,0.97930,1.00,-0.03876,-0.21739,-0.04826,0.97412,1.00
49706,0.00,345.00,-0.03948,-0.19205,-0.04617,0.97950,1.00,-0.03862,-0.21646,-0.04808,0.97434,1.00
49719,0.00,345.00,-0.03950,-0.19205,-0.04608,0.97951,1.00,-0.03864,-0.21646,-0.04799,0.97435,1.00
49734,0.00,345.00,-0.03952,-0.19204,-0.04601,0.97951,1.00,-0.03865,-0.21646,-0.04792,0.97435,1.00
49748,0.00,345.00,-0.03941,-0.19102,-0.04601,0.97971,1.00,-0.03855,-0.21546,-0.04792,0.97457,1.00
49762,0.00,345.00,-0.03940,-0.19103,-0.04607,0.97971,1.00,-0.03854,-0.21546,-0.04798,0.97457,1.00
49775,0.00,345.00,-0.03778,-0.19100,-0.04585,0.97979,1.00,-0.03696,-0.21543,-0.04771,0.97465,1.00
49789,0.00,345.00,-0.03775,-0.19100,-0.04597,0.97979,1.00,-0.03693,-0.21543,-0.04784,0.97465,1.00
49803,0.00,345.00,-0.03772,-0.19101,-0.04614,0.97978,1.00,-0.03689,-0.21544,-0.04802,0.97464,1.00
49817,0.00,345.00,-0.03783,-0.19493,-0.04658,0.97898,1.00,-0.03697,-0.21925,-0.04844,0.97376,1.00
49831,0.00,345.00,-0.03785,-0.19492,-0.04649,0.97898,1.00,-0.03699,-0.21925,-0.04836,0.97377,1.00
49845,0.00,345.00,-0.03770,-0.19481,-0.04643,0.97902,1.00,-0.03686,-0.21913,-0.04830,0.97380,1.00
49859,0.00,345.00,-0.03771,-0.19481,-0.04641,0.97902,1.00,-0.03686,-0.21913,-0.04828,0.97380,1.00
49872,0.00,345.00,-0.03567,-0.19373,-0.04596,0.97933,1.00,-0.03488,-0.21807,-0.04779,0.97414,1.00
49886,0.00,345.00,-0.03566,-0.19373,-0.04596,0.97933,1.00,-0.03488,-0.21807,-0.04780,0.97414,1.00
49901,0.00,345.00,-0.03568,-0.19373,-0.04590,0.97933,1.00,-0.03489,-0.21807,-0.04772,0.97414,1.00
49914,0.00,345.00,0.00140,-0.16607,-0.03715,0.98541,1.00,0.00113,-0.19101,-0.03832,0.98084,1.00
49928,0.00,345.00,0.00138,-0.16607,-0.03703,0.98542,1.00,0.00110,-0.19101,-0.03820,0.98084,1.00
49942,0.00,345.00,0.00180,-0.16235,-0.03673,0.98605,1.00,0.00150,-0.18738,-0.03791,0.98155,1.00
49956,0.00,345.00,0.00180,-0.16235,-0.03674,0.98605,1.00,0.00151,-0.18738,-0.03793,0.98155,1.00
49970,0.00,345.00,0.00181,-0.16235,-0.03679,0.98604,1.00,0.00152,-0.18738,-0.03798,0.98155,1.00
49984,0.00,345.00,0.00133,-0.16239,-0.03688,0.98604,1.00,0.00106,-0.18742,-0.03808,0.98154,1.00
49998,0.00,345.00,0.00133,-0.16239,-0.03685,0.98604,1.00,0.00105,-0.18742,-0.03806,0.98154,1.00
50012,0.00,345.00,-0.03797,-0.18440,-0.04521,0.98108,1.00,-0.03719,-0.20900,-0.04714,0.97607,1.00
50026,0.00,345.00,-0.03801,-0.18439,-0.04503,0.98108,1.00,-0.03723,-0.20899,-0.04696,0.97608,1.00
50040,0.00,345.00,-0.04228,-0.18579,-0.04610,0.98060,1.00,-0.04138,-0.21037,-0.04810,0.97556,1.00
50053,0.00,345.00,-0.04226,-0.18579,-0.04622,0.98059,1.00,-0.04135,-0.21038,-0.04821,0.97555,1.00
50068,0.00,345.00,-0.04226,-0.18579,-0.04618,0.98059,1.00,-0.04136,-0.21037,-0.04818,0.97556,1.00
50082,0.00,345.00,-0.03838,-0.18990,-0.04563,0.97999,1.00,-0.03755,-0.21436,-0.04753,0.97487,1.00
50095,0.00,345.00,-0.03838,-0.18990,-0.04560,0.97999,1.00,-0.03756,-0.21436,-0.04749,0.97488,1.00
50109,0.00,345.00,-0.03666,-0.18998,-0.04527,0.98006,1.00,-0.03588,-0.21443,-0.04712,0.97494,1.00
50123,0.00,345.00,-0.03665,-0.18998,-0.04532,0.98006,1.00,-0.03587,-0.21443,-0.04717,0.97494,1.00
50137,0.00,345.00,-0.03665,-0.18998,-0.04534,0.98006,1.00,-0.03587,-0.21443,-0.04719,0.97494,1.00
50151,0.00,345.00,-0.03658,-0.18915,-0.04526,0.98022,1.00,-0.03580,-0.21362,-0.04712,0.97512,1.00
50165,0.00,345.00,-0.03656,-0.18915,-0.04533,0.98022,1.00,-0.03579,-0.21362,-0.04718,0.97512,1.00
50179,0.00,345.00,-0.03658,-0.18909,-0.04541,0.98023,1.00,-0.03581,-0.21356,-0.04725,0.97513,1.00
50193,0.00,345.00,-0.03657,-0.18910,-0.04545,0.98022,1.00,-0.03580,-0.21357,-0.04729,0.97513,1.00
50207,0.00,345.00,-0.03546,-0.18970,-0.04529,0.98016,1.00,-0.03472,-0.21415,-0.04709,0.97505,1.00
50221,0.00,345.00,-0.03545,-0.18970,-0.04531,0.98016,1.00,-0.03471,-0.21415,-0.04711,0.97505,1.00
50235,0.00,345.00,-0.03545,-0.18970,-0.04531,0.98016,1.00,-0.03471,-0.21415,-0.04711,0.97505,1.00
50249,0.00,345.00,-0.03383,-0.19068,-0.04507,0.98003,1.00,-0.03314,-0.21509,-0.04684,0.97491,1.00
50263,0.00,345.00,-0.03384,-0.19068,-0.04502,0.98004,1.00,-0.03315,-0.21509,-0.04679,0.97491,1.00
50276,0.00,345.00,-0.03388,-0.18964,-0.04488,0.98024,1.00,-0.03320,-0.21408,-0.04666,0.97514,1.00
50290,0.00,345.00,-0.03391,-0.18964,-0.04477,0.98025,1.00,-0.03322,-0.21408,-0.04655,0.97514,1.00
50304,0.00,345.00,-0.03383,-0.18940,-0.04465,0.98030,1.00,-0.03315,-0.21384,-0.04643,0.97520,1.00
50318,0.00,345.00,-0.03386,-0.18939,-0.04454,0.98031,1.00,-0.03318,-0.21384,-0.04632,0.97521,1.00
50332,0.00,345.00,-0.03386,-0.18939,-0.04451,0.98031,1.00,-0.03318,-0.21384,-0.04630,0.97521,1.00
50346,0.00,345.00,-0.03379,-0.18626,-0.04420,0.98092,1.00,-0.03313,-0.21079,-0.04601,0.97589,1.00
50360,0.00,345.00,-0.03379,-0.18626,-0.04421,0.98092,1.00,-0.03313,-0.21079,-0.04602,0.97589,1.00
50374,0.00,345.00,-0.03549,-0.18637,-0.04448,0.98083,1.00,-0.03477,-0.21091,-0.04633,0.97579,1.00
50388,0.00,345.00,-0.03551,-0.18637,-0.04441,0.98083,1.00,-0.03479,-0.21090,-0.04626,0.97579,1.00
50402,0.00,345.00,-0.03553,-0.18636,-0.04430,0.98084,1.00,-0.03481,-0.21090,-0.04616,0.97580,1.00
50415,0.00,345.00,-0.03538,-0.18696,-0.04418,0.98073,1.00,-0.03465,-0.21149,-0.04604,0.97568,1.00
50429,0.00,345.00,-0.03538,-0.18696,-0.04414,0.98074,1.00,-0.03466,-0.21149,-0.04600,0.97568,1.00
50443,0.00,345.00,-0.03478,-0.18732,-0.04401,0.98070,1.00,-0.03406,-0.21184,-0.04585,0.97563,1.00
50457,0.00,345.00,-0.03481,-0.18732,-0.04386,0.98070,1.00,-0.03409,-0.21184,-0.04572,0.97564,1.00
50471,0.00,345.00,-0.03485,-0.18731,-0.04361,0.98071,1.00,-0.03414,-0.21183,-0.04548,0.97565,1.00
50485,0.00,345.00,-0.03436,-0.18555,-0.04322,0.98108,1.00,-0.03366,-0.21013,-0.04510,0.97605,1.00
50499,0.00,345.00,-0.03437,-0.18555,-0.04316,0.98108,1.00,-0.03368,-0.21012,-0.04504,0.97606,1.00
50513,0.00,345.00,-0.03405,-0.18590,-0.04324,0.98103,1.00,-0.03334,-0.21047,-0.04511,0.97599,1.00
50527,0.00,345.00,-0.03406,-0.18590,-0.04322,0.98103,1.00,-0.03335,-0.21047,-0.04508,0.97599,1.00
50541,0.00,345.00,-0.03660,-0.18628,-0.04385,0.98084,1.00,-0.03580,-0.21086,-0.04576,0.97579,1.00
50555,0.00,345.00,-0.03658,-0.18628,-0.04392,0.98083,1.00,-0.03579,-0.21086,-0.04583,0.97579,1.00
50569,0.00,345.00,-0.03658,-0.18628,-0.04395,0.98083,1.00,-0.03578,-0.21086,-0.04586,0.97578,1.00
50583,0.00,345.00,-0.03854,-0.18633,-0.04427,0.98073,1.00,-0.03769,-0.21091,-0.04622,0.97568,1.00
50596,0.00,345.00,-0.03856,-0.18632,-0.04414,0.98074,1.00,-0.03772,-0.21090,-0.04609,0.97569,1.00
50610,0.00,345.00,-0.03848,-0.18592,-0.04401,0.98083,1.00,-0.03765,-0.21051,-0.04596,0.97579,1.00
50624,0.00,345.00,-0.03849,-0.18592,-0.04397,0.98083,1.00,-0.03765,-0.21051,-0.04592,0.97579,1.00
50638,0.00,345.00,-0.03786,-0.18602,-0.04383,0.98084,1.00,-0.03704,-0.21060,-0.04577,0.97580,1.00
50652,0.00,345.00,-0.03787,-0.18601,-0.04379,0.98084,1.00,-0.03705,-0.21060,-0.04572,0.97580,1.00
50666,0.00,345.00,-0.03788,-0.18601,-0.04373,0.98084,1.00,-0.03706,-0.21059,-0.04566,0.97580,1.00
50680,0.00,345.00,-0.03575,-0.18643,-0.04338,0.98086,1.00,-0.03498,-0.21100,-0.04525,0.97581,1.00
50694,0.00,345.00,-0.03576,-0.18643,-0.04333,0.98086,1.00,-0.03499,-0.21099,-0.04519,0.97581,1.00
50708,0.00,345.00,-0.03555,-0.18667,-0.04332,0.98082,1.00,-0.03479,-0.21123,-0.04518,0.97577,1.00
50722,0.00,345.00,-0.03554,-0.18667,-0.04340,0.98082,1.00,-0.03478,-0.21123,-0.04525,0.97577,1.00
50736,0.00,345.00,-0.03553,-0.18667,-0.04344,0.98082,1.00,-0.03477,-0.21123,-0.04528,0.97577,1.00
50749,0.00,345.00,-0.03575,-0.18414,-0.04326,0.98130,1.00,-0.03500,-0.20877,-0.04512,0.97630,1.00
50763,0.00,345.00,-0.03577,-0.18413,-0.04318,0.98130,1.00,-0.03502,-0.20877,-0.04504,0.97630,1.00
50777,0.00,345.00,-0.03596,-0.18369,-0.04301,0.98138,1.00,-0.03522,-0.20834,-0.04488,0.97639,1.00
50791,0.00,345.00,-0.03596,-0.18369,-0.04299,0.98138,1.00,-0.03523,-0.20834,-0.04486,0.97639,1.00
50805,0.00,345.00,-0.03618,-0.18376,-0.04328,0.98135,1.00,-0.03543,-0.20841,-0.04514,0.97636,1.00
50819,0.00,345.00,-0.03616,-0.18376,-0.04338,0.98135,1.00,-0.03540,-0.20841,-0.04525,0.97635,1.00
50833,0.00,345.00,-0.03617,-0.18376,-0.04331,0.98135,1.00,-0.03542,-0.20841,-0.04518,0.97636,1.00
50847,0.00,345.00,-0.03634,-0.18504,-0.04333,0.98110,1.00,-0.03558,-0.20966,-0.04521,0.97608,1.00
50861,0.00,345.00,-0.03633,-0.18504,-0.04333,0.98110,1.00,-0.03558,-0.20966,-0.04522,0.97608,1.00
50875,0.00,345.00,-0.03644,-0.18497,-0.04340,0.98111,1.00,-0.03568,-0.20959,-0.04529,0.97609,1.00
50889,0.00,345.00,-0.03645,-0.18497,-0.04338,0.98111,1.00,-0.03568,-0.20959,-0.04528,0.97609,1.00
50903,0.00,345.00,-0.03644,-0.18497,-0.04340,0.98111,1.00,-0.03568,-0.20959,-0.04529,0.97609,1.00
50917,0.00,345.00,-0.03826,-0.18331,-0.04361,0.98134,1.00,-0.03745,-0.20798,-0.04555,0.97635,1.00
50931,0.00,345.00,-0.03827,-0.18331,-0.04352,0.98135,1.00,-0.03747,-0.20797,-0.04546,0.97636,1.00
50945,0.00,345.00,-0.03875,-0.18309,-0.04353,0.98137,1.00,-0.03794,-0.20776,-0.04547,0.97638,1.00
50958,0.00,345.00,-0.03876,-0.18309,-0.04349,0.98137,1.00,-0.03795,-0.20776,-0.04543,0.97639,1.00
50972,0.00,345.00,-0.04179,-0.15228,-0.04135,0.98659,1.00,-0.04113,-0.17769,-0.04353,0.98226,1.00
50986,0.00,345.00,-0.04178,-0.15228,-0.04142,0.98659,1.00,-0.04112,-0.17769,-0.04360,0.98226,1.00
51001,0.00,345.00,-0.04176,-0.15228,-0.04156,0.98658,1.00,-0.04109,-0.17769,-0.04374,0.98225,1.00
51014,0.00,345.00,-0.04372,-0.10553,-0.03749,0.99275,1.00,-0.04339,-0.13182,-0.03997,0.98952,1.00
51028,0.00,345.00,-0.04372,-0.10553,-0.03748,0.99275,1.00,-0.04339,-0.13182,-0.03996,0.98952,1.00
51042,0.00,345.00,-0.04566,-0.10473,-0.03763,0.99274,1.00,-0.04531,-0.13104,-0.04017,0.98953,1.00
51056,0.00,345.00,-0.04566,-0.10473,-0.03762,0.99274,1.00,-0.04531,-0.13104,-0.04016,0.98953,1.00
51070,0.00,345.00,-0.04566,-0.10473,-0.03763,0.99274,1.00,-0.04531,-0.13104,-0.04018,0.98953,1.00
51084,0.00,345.00,-0.04553,-0.10510,-0.03764,0.99271,1.00,-0.04518,-0.13141,-0.04018,0.98948,1.00
51098,0.00,345.00,-0.04552,-0.10511,-0.03770,0.99270,1.00,-0.04517,-0.13141,-0.04023,0.98948,1.00
51112,0.00,345.00,-0.04557,-0.10455,-0.03782,0.99276,1.00,-0.04522,-0.13086,-0.04036,0.98955,1.00
51125,0.00,345.00,-0.04556,-0.10455,-0.03791,0.99275,1.00,-0.04520,-0.13086,-0.04044,0.98954,1.00
51139,0.00,345.00,-0.04850,-0.10407,-0.03830,0.99265,1.00,-0.04811,-0.13040,-0.04091,0.98945,1.00
51153,0.00,345.00,-0.04850,-0.10407,-0.03830,0.99265,1.00,-0.04811,-0.13040,-0.04091,0.98945,1.00
51168,0.00,345.00,-0.04850,-0.10407,-0.03828,0.99265,1.00,-0.04811,-0.13040,-0.04089,0.98945,1.00
51181,0.00,345.00,-0.04853,-0.10210,-0.03806,0.99286,1.00,-0.04817,-0.12846,-0.04068,0.98971,1.00
51195,0.00,345.00,-0.04853,-0.10210,-0.03811,0.99286,1.00,-0.04816,-0.12846,-0.04073,0.98971,1.00
51209,0.00,345.00,-0.04907,-0.10067,-0.03798,0.99298,1.00,-0.04871,-0.12705,-0.04062,0.98987,1.00
51223,0.00,345.00,-0.04908,-0.10066,-0.03786,0.99299,1.00,-0.04873,-0.12704,-0.04049,0.98987,1.00
51237,0.00,345.00,-0.04910,-0.10065,-0.03770,0.99299,1.00,-0.04875,-0.12704,-0.04034,0.98988,1.00
51251,0.00,0.00,-0.04911,-0.10049,-0.03761,0.99301,1.00,-0.04876,-0.12688,-0.04024,0.98990,1.00
51265,0.00,0.00,-0.04911,-0.10049,-0.03764,0.99301,1.00,-0.04876,-0.12688,-0.04027,0.98990,1.00
51279,0.00,0.00,-0.04776,-0.10081,-0.03755,0.99305,1.00,-0.04743,-0.12718,-0.04014,0.98993,1.00
51293,0.00,0.00,-0.04776,-0.10081,-0.03762,0.99305,1.00,-0.04742,-0.12718,-0.04019,0.98993,1.00
51307,0.00,0.00,-0.04790,-0.10097,-0.03780,0.99302,1.00,-0.04756,-0.12734,-0.04039,0.98989,1.00
51320,0.00,0.00,-0.04789,-0.10097,-0.03795,0.99301,1.00,-0.04754,-0.12735,-0.04055,0.98989,1.00
51334,0.00,0.00,-0.04789,-0.10097,-0.03796,0.99301,1.00,-0.04754,-0.12735,-0.04056,0.98989,1.00
51348,0.00,0.00,-0.04880,-0.09760,-0.03758,0.99332,1.00,-0.04848,-0.12403,-0.04023,0.99028,1.00
51362,0.00,0.00,-0.04881,-0.09760,-0.03748,0.99332,1.00,-0.04849,-0.12403,-0.04014,0.99028,1.00
51376,0.00,0.00,-0.05133,-0.09740,-0.03766,0.99321,1.00,-0.05098,-0.12385,-0.04039,0.99017,1.00
51390,0.00,0.00,-0.05133,-0.09740,-0.03769,0.99321,1.00,-0.05097,-0.12385,-0.04041,0.99017,1.00
51404,0.00,0.00,-0.05133,-0.09740,-0.03768,0.99321,1.00,-0.05097,-0.12385,-0.04040,0.99017,1.00
51418,0.00,0.00,-0.05116,-0.09728,-0.03767,0.99323,1.00,-0.05080,-0.12373,-0.04037,0.99019,1.00
51432,0.00,0.00,-0.05116,-0.09728,-0.03766,0.99323,1.00,-0.05081,-0.12373,-0.04035,0.99019,1.00
51446,0.00,0.00,-0.05102,-0.08969,-0.03681,0.99398,1.00,-0.05074,-0.11624,-0.03953,0.99114,1.00
51460,0.00,0.00,-0.05102,-0.08969,-0.03680,0.99398,1.00,-0.05074,-0.11624,-0.03952,0.99114,1.00
51474,0.00,0.00,-0.05559,-0.03907,-0.03164,0.99719,1.00,-0.05577,-0.06618,-0.03468,0.99564,1.00
51487,0.00,0.00,-0.05559,-0.03908,-0.03171,0.99718,1.00,-0.05576,-0.06618,-0.03476,0.99564,1.00
51502,0.00,0.00,-0.05559,-0.03908,-0.03168,0.99719,1.00,-0.05576,-0.06618,-0.03474,0.99564,1.00
51515,0.00,0.00,-0.05678,-0.03638,-0.03134,0.99723,1.00,-0.05698,-0.06351,-0.03445,0.99576,1.00
51529,0.00,0.00,-0.05678,-0.03637,-0.03124,0.99723,1.00,-0.05698,-0.06350,-0.03435,0.99576,1.00
51543,0.00,0.00,-0.05802,-0.03428,-0.03104,0.99724,1.00,-0.05823,-0.06143,-0.03419,0.99582,1.00
51557,0.00,0.00,-0.05801,-0.03430,-0.03135,0.99723,1.00,-0.05821,-0.06145,-0.03451,0.99581,1.00
51571,0.00,0.00,-0.05800,-0.03431,-0.03149,0.99723,1.00,-0.05820,-0.06146,-0.03465,0.99581,1.00
51585,0.00,0.00,-0.05790,-0.03383,-0.03138,0.99726,1.00,-0.05810,-0.06099,-0.03454,0.99585,1.00
51599,0.00,0.00,-0.05791,-0.03382,-0.03119,0.99726,1.00,-0.05812,-0.06098,-0.03435,0.99585,1.00
51613,0.00,0.00,-0.05860,-0.03239,-0.03099,0.99727,1.00,-0.05883,-0.05956,-0.03417,0.99590,1.00
51627,0.00,0.00,-0.05860,-0.03239,-0.03104,0.99727,1.00,-0.05882,-0.05956,-0.03422,0.99590,1.00
51641,0.00,0.00,-0.05876,-0.03222,-0.03109,0.99727,1.00,-0.05898,-0.05939,-0.03428,0.99590,1.00
51654,0.00,0.00,-0.05876,-0.03222,-0.03111,0.99727,1.00,-0.05898,-0.05939,-0.03431,0.99590,1.00
51669,0.00,0.00,-0.05876,-0.03222,-0.03106,0.99727,1.00,-0.05898,-0.05939,-0.03426,0.99590,1.00
51682,0.00,0.00,-0.05862,-0.03214,-0.03104,0.99728,1.00,-0.05884,-0.05931,-0.03424,0.99592,1.00
51696,0.00,0.00,-0.05862,-0.03214,-0.03099,0.99728,1.00,-0.05885,-0.05930,-0.03419,0.99592,1.00
51710,0.00,0.00,-0.05697,-0.03220,-0.03097,0.99738,1.00,-0.05720,-0.05935,-0.03411,0.99601,1.00
51724,0.00,0.00,-0.05697,-0.03220,-0.03101,0.99738,1.00,-0.05720,-0.05936,-0.03415,0.99601,1.00
51738,0.00,0.00,-0.02221,-0.01087,-0.02807,0.99930,1.00,-0.02279,-0.03796,-0.03031,0.99856,1.00
51752,0.00,0.00,-0.02221,-0.01087,-0.02817,0.99930,1.00,-0.02279,-0.03796,-0.03041,0.99856,1.00
51766,0.00,0.00,-0.02221,-0.01087,-0.02817,0.99930,1.00,-0.02279,-0.03796,-0.03041,0.99856,1.00
51780,0.00,0.00,0.06170,0.03301,-0.02716,0.99718,1.00,0.06107,0.00592,-0.02719,0.99775,1.00
51794,0.00,0.00,0.06170,0.03300,-0.02712,0.99718,1.00,0.06107,0.00592,-0.02715,0.99775,1.00
51807,0.00,0.00,0.06203,0.05204,-0.02707,0.99635,1.00,0.06150,0.02503,-0.02711,0.99743,1.00
51822,0.00,0.00,0.06203,0.05204,-0.02708,0.99635,1.00,0.06150,0.02503,-0.02711,0.99743,1.00
51836,0.00,0.00,0.06203,0.05204,-0.02708,0.99635,1.00,0.06150,0.02503,-0.02712,0.99742,1.00
51849,0.00,0.00,0.05449,0.05233,-0.02668,0.99679,1.00,0.05392,0.02534,-0.02692,0.99786,1.00
51863,0.00,0.00,0.05449,0.05233,-0.02667,0.99679,1.00,0.05392,0.02534,-0.02690,0.99786,1.00
51877,0.00,0.00,-0.01467,-0.01386,-0.02824,0.99940,1.00,-0.01527,-0.04091,-0.03025,0.99859,1.00
51891,0.00,0.00,-0.01467,-0.01386,-0.02824,0.99940,1.00,-0.01527,-0.04091,-0.03024,0.99859,1.00
51905,0.00,0.00,-0.01467,-0.01386,-0.02824,0.99940,1.00,-0.01527,-0.04091,-0.03025,0.99859,1.00
51919,0.00,0.00,-0.04813,-0.02684,-0.03019,0.99802,1.00,-0.04848,-0.05397,-0.03308,0.99682,1.00
51933,0.00,0.00,-0.04813,-0.02684,-0.03018,0.99802,1.00,-0.04848,-0.05397,-0.03308,0.99682,1.00
51947,0.00,0.00,-0.04850,-0.02689,-0.03027,0.99800,1.00,-0.04884,-0.05402,-0.03317,0.99679,1.00
51961,0.00,0.00,-0.04850,-0.02689,-0.03030,0.99800,1.00,-0.04884,-0.05402,-0.03320,0.99679,1.00
51974,0.00,0.00,-0.05101,-0.02874,-0.03052,0.99782,1.00,-0.05132,-0.05588,-0.03348,0.99656,1.00
51988,0.00,0.00,-0.05101,-0.02873,-0.03045,0.99782,1.00,-0.05132,-0.05587,-0.03341,0.99656,1.00
52003,0.00,0.00,-0.05101,-0.02873,-0.03034,0.99782,1.00,-0.05133,-0.05587,-0.03330,0.99656,1.00
52016,0.00,0.00,-0.05399,-0.02301,-0.02976,0.99783,1.00,-0.05435,-0.05020,-0.03282,0.99672,1.00
52030,0.00,0.00,-0.05398,-0.02302,-0.02988,0.99783,1.00,-0.05434,-0.05021,-0.03293,0.99672,1.00
52044,0.00,0.00,-0.05432,-0.02416,-0.03019,0.99777,1.00,-0.05466,-0.05134,-0.03324,0.99663,1.00
52058,0.00,0.00,-0.05432,-0.02417,-0.03034,0.99777,1.00,-0.05465,-0.05135,-0.03340,0.99662,1.00
52072,0.00,0.00,-0.05440,-0.02411,-0.03052,0.99776,1.00,-0.05473,-0.05129,-0.03359,0.99662,1.00
52086,0.00,0.00,-0.05440,-0.02411,-0.03053,0.99776,1.00,-0.05473,-0.05129,-0.03360,0.99662,1.00
52100,0.00,0.00,-0.05440,-0.02410,-0.03038,0.99777,1.00,-0.05474,-0.05128,-0.03345,0.99662,1.00
52114,0.00,0.00,-0.05342,-0.02523,-0.03036,0.99779,1.00,-0.05376,-0.05240,-0.03340,0.99662,1.00
52128,0.00,0.00,-0.05342,-0.02522,-0.03025,0.99780,1.00,-0.05376,-0.05239,-0.03330,0.99662,1.00
52142,0.00,0.00,-0.05267,-0.02515,-0.03021,0.99784,1.00,-0.05301,-0.05232,-0.03324,0.99667,1.00
52156,0.00,0.00,-0.05267,-0.02515,-0.03021,0.99784,1.00,-0.05301,-0.05232,-0.03323,0.99667,1.00
52170,0.00,0.00,-0.05267,-0.02515,-0.03021,0.99784,1.00,-0.05301,-0.05232,-0.03323,0.99667,1.00
52183,0.00,0.00,-0.05267,-0.02516,-0.03019,0.99784,1.00,-0.05301,-0.05233,-0.03320,0.99667,1.00
52197,0.00,0.00,-0.05267,-0.02516,-0.03013,0.99784,1.00,-0.05301,-0.05233,-0.03314,0.99667,1.00
52211,0.00,0.00,-0.05292,-0.02911,-0.03060,0.99771,1.00,-0.05322,-0.05626,-0.03359,0.99643,1.00
52225,0.00,0.00,-0.05292,-0.02911,-0.03063,0.99770,1.00,-0.05322,-0.05626,-0.03363,0.99643,1.00
52239,0.00,0.00,-0.05295,-0.02972,-0.03077,0.99768,1.00,-0.05324,-0.05687,-0.03377,0.99639,1.00
52253,0.00,0.00,-0.05295,-0.02972,-0.03079,0.99768,1.00,-0.05324,-0.05687,-0.03379,0.99639,1.00
52267,0.00,0.00,-0.05295,-0.02972,-0.03077,0.99768,1.00,-0.05324,-0.05687,-0.03378,0.99639,1.00
52281,0.00,0.00,-0.05165,-0.03206,-0.03093,0.99767,1.00,-0.05193,-0.05918,-0.03389,0.99632,1.00
52295,0.00,0.00,-0.05165,-0.03205,-0.03080,0.99768,1.00,-0.05194,-0.05917,-0.03374,0.99632,1.00
52309,0.00,0.00,-0.05106,-0.03361,-0.03117,0.99764,1.00,-0.05132,-0.06072,-0.03408,0.99625,1.00
52323,0.00,0.00,-0.05105,-0.03362,-0.03137,0.99764,1.00,-0.05131,-0.06073,-0.03428,0.99625,1.00
52337,0.00,0.00,-0.05105,-0.03361,-0.03129,0.99764,1.00,-0.05132,-0.06072,-0.03421,0.99625,1.00
52351,0.00,0.00,-0.05199,-0.03350,-0.03120,0.99760,1.00,-0.05225,-0.06062,-0.03414,0.99621,1.00
52364,0.00,0.00,-0.05199,-0.03350,-0.03114,0.99760,1.00,-0.05226,-0.06061,-0.03408,0.99621,1.00
52378,0.00,0.00,-0.05147,-0.03371,-0.03116,0.99762,1.00,-0.05173,-0.06082,-0.03409,0.99622,1.00
52392,0.00,0.00,-0.05147,-0.03371,-0.03117,0.99762,1.00,-0.05173,-0.06082,-0.03412,0.99622,1.00
52406,0.00,0.00,-0.05137,-0.03381,-0.03119,0.99762,1.00,-0.05164,-0.06092,-0.03413,0.99622,1.00
52420,0.00,0.00,-0.05137,-0.03381,-0.03117,0.99762,1.00,-0.05164,-0.06092,-0.03412,0.99622,1.00
52434,0.00,0.00,-0.05137,-0.03381,-0.03122,0.99762,1.00,-0.05163,-0.06092,-0.03416,0.99622,1.00
52448,0.00,0.00,-0.05118,-0.03386,-0.03124,0.99763,1.00,-0.05144,-0.06097,-0.03417,0.99623,1.00
52462,0.00,0.00,-0.05118,-0.03387,-0.03127,0.99763,1.00,-0.05144,-0.06097,-0.03420,0.99623,1.00
52476,0.00,0.00,-0.05091,-0.02950,-0.03089,0.99779,1.00,-0.05121,-0.05663,-0.03382,0.99651,1.00
52490,0.00,0.00,-0.05090,-0.02951,-0.03101,0.99779,1.00,-0.05120,-0.05664,-0.03394,0.99650,1.00
52504,0.00,0.00,-0.05090,-0.02951,-0.03103,0.99779,1.00,-0.05120,-0.05664,-0.03396,0.99650,1.00
52517,0.00,0.00,-0.04999,-0.02954,-0.03095,0.99783,1.00,-0.05030,-0.05667,-0.03386,0.99655,1.00
52532,0.00,0.00,-0.04999,-0.02954,-0.03092,0.99783,1.00,-0.05030,-0.05667,-0.03383,0.99655,1.00
52545,0.00,0.00,-0.04958,-0.02817,-0.03064,0.99790,1.00,-0.04992,-0.05531,-0.03355,0.99666,1.00
52559,0.00,0.00,-0.04958,-0.02817,-0.03059,0.99790,1.00,-0.04992,-0.05530,-0.03349,0.99666,1.00
52573,0.00,0.00,-0.04996,-0.02895,-0.03063,0.99786,1.00,-0.05029,-0.05608,-0.03353,0.99659,1.00
52587,0.00,0.00,-0.04996,-0.02895,-0.03057,0.99786,1.00,-0.05029,-0.05608,-0.03347,0.99660,1.00
52602,0.00,0.00,-0.04996,-0.02895,-0.03057,0.99786,1.00,-0.05029,-0.05608,-0.03348,0.99660,1.00
52615,0.00,0.00,-0.04964,-0.02806,-0.03043,0.99791,1.00,-0.04998,-0.05519,-0.03334,0.99667,1.00
52629,0.00,0.00,-0.04964,-0.02806,-0.03044,0.99791,1.00,-0.04998,-0.05519,-0.03335,0.99667,1.00
52643,0.00,0.00,-0.05045,-0.02917,-0.03057,0.99783,1.00,-0.05077,-0.05630,-0.03351,0.99656,1.00
52657,0.00,0.00,-0.05046,-0.02917,-0.03051,0.99783,1.00,-0.05077,-0.05630,-0.03346,0.99656,1.00
52671,0.00,0.00,-0.05046,-0.02916,-0.03045,0.99784,1.00,-0.05078,-0.05630,-0.03340,0.99656,1.00
52684,0.00,0.00,-0.04931,-0.02974,-0.03038,0.99788,1.00,-0.04963,-0.05687,-0.03330,0.99659,1.00
52699,0.00,0.00,-0.04931,-0.02974,-0.03032,0.99788,1.00,-0.04963,-0.05687,-0.03324,0.99659,1.00
52713,0.00,0.00,-0.05035,-0.02992,-0.03024,0.99783,1.00,-0.05067,-0.05705,-0.03320,0.99653,1.00
52726,0.00,0.00,-0.05036,-0.02991,-0.03011,0.99783,1.00,-0.05067,-0.05704,-0.03307,0.99654,1.00
52740,0.00,0.00,-0.04800,-0.02974,-0.02990,0.99796,1.00,-0.04833,-0.05686,-0.03280,0.99667,1.00
52754,0.00,0.00,-0.04801,-0.02974,-0.02980,0.99796,1.00,-0.04833,-0.05686,-0.03271,0.99668,1.00
52769,0.00,0.00,-0.04801,-0.02974,-0.02979,0.99796,1.00,-0.04833,-0.05686,-0.03270,0.99668,1.00
52782,0.00,0.00,-0.04956,-0.02927,-0.02979,0.99790,1.00,-0.04987,-0.05641,-0.03275,0.99662,1.00
52796,0.00,0.00,-0.04955,-0.02928,-0.02990,0.99789,1.00,-0.04986,-0.05641,-0.03285,0.99662,1.00
52810,0.00,0.00,-0.04942,-0.02931,-0.03000,0.99790,1.00,-0.04972,-0.05645,-0.03295,0.99662,1.00
52824,0.00,0.00,-0.04941,-0.02933,-0.03022,0.99789,1.00,-0.04970,-0.05646,-0.03318,0.99662,1.00
52838,0.00,0.00,-0.04968,-0.02839,-0.03033,0.99790,1.00,-0.04997,-0.05553,-0.03331,0.99665,1.00
52852,0.00,0.00,-0.04968,-0.02838,-0.03028,0.99790,1.00,-0.04998,-0.05552,-0.03326,0.99665,1.00
52866,0.00,0.00,-0.04968,-0.02838,-0.03017,0.99791,1.00,-0.04998,-0.05552,-0.03315,0.99665,1.00
52879,0.00,0.00,-0.04945,-0.02828,-0.03004,0.99792,1.00,-0.04977,-0.05542,-0.03301,0.99668,1.00
52893,0.00,0.00,-0.04945,-0.02828,-0.03004,0.99792,1.00,-0.04977,-0.05542,-0.03300,0.99668,1.00
52907,0.00,0.00,-0.04795,-0.02848,-0.02999,0.99799,1.00,-0.04828,-0.05561,-0.03288,0.99674,1.00
52921,0.00,0.00,-0.04795,-0.02848,-0.03003,0.99799,1.00,-0.04828,-0.05561,-0.03289,0.99674,1.00
52936,0.00,0.00,-0.04795,-0.02849,-0.03012,0.99799,1.00,-0.04828,-0.05561,-0.03296,0.99674,1.00
52949,0.00,0.00,-0.04845,-0.02928,-0.03019,0.99794,1.00,-0.04877,-0.05640,-0.03302,0.99667,1.00
52963,0.00,0.00,-0.04845,-0.02928,-0.03029,0.99794,1.00,-0.04877,-0.05641,-0.03310,0.99667,1.00
52977,0.00,0.00,-0.04969,-0.02935,-0.03035,0.99787,1.00,-0.05001,-0.05649,-0.03319,0.99660,1.00
52991,0.00,0.00,-0.04969,-0.02936,-0.03049,0.99787,1.00,-0.05001,-0.05649,-0.03331,0.99659,1.00
53005,0.00,0.00,-0.05043,-0.02877,-0.03053,0.99785,1.00,-0.05076,-0.05591,-0.03338,0.99659,1.00
53019,0.00,0.00,-0.05043,-0.02877,-0.03054,0.99785,1.00,-0.05076,-0.05591,-0.03338,0.99659,1.00
53033,0.00,0.00,-0.05043,-0.02877,-0.03050,0.99785,1.00,-0.05076,-0.05591,-0.03335,0.99659,1.00
53047,0.00,0.00,-0.05082,-0.02888,-0.03037,0.99783,1.00,-0.05116,-0.05602,-0.03321,0.99657,1.00
53060,0.00,0.00,-0.05082,-0.02888,-0.03040,0.99783,1.00,-0.05116,-0.05602,-0.03324,0.99656,1.00
53074,0.00,0.00,-0.04863,-0.02944,-0.03061,0.99791,1.00,-0.04897,-0.05657,-0.03339,0.99664,1.00
53088,0.00,0.00,-0.04863,-0.02944,-0.03057,0.99791,1.00,-0.04897,-0.05657,-0.03335,0.99664,1.00
53103,0.00,0.00,-0.04864,-0.02943,-0.03044,0.99792,1.00,-0.04898,-0.05656,-0.03322,0.99664,1.00
53116,0.00,0.00,-0.05162,-0.02908,-0.03035,0.99778,1.00,-0.05196,-0.05622,-0.03322,0.99651,1.00
53130,0.00,0.00,-0.05162,-0.02908,-0.03034,0.99778,1.00,-0.05196,-0.05622,-0.03323,0.99651,1.00
53144,0.00,0.00,-0.05154,-0.02882,-0.03034,0.99779,1.00,-0.05187,-0.05597,-0.03324,0.99653,1.00
53157,0.00,0.00,-0.05154,-0.02883,-0.03040,0.99779,1.00,-0.05186,-0.05597,-0.03330,0.99653,1.00
53172,0.00,0.00,-0.05153,-0.02883,-0.03046,0.99779,1.00,-0.05186,-0.05597,-0.03336,0.99653,1.00
53185,0.00,0.00,-0.05142,-0.02874,-0.03050,0.99780,1.00,-0.05175,-0.05588,-0.03340,0.99654,1.00
53200,0.00,0.00,-0.05142,-0.02874,-0.03055,0.99780,1.00,-0.05174,-0.05589,-0.03345,0.99653,1.00
53214,0.00,0.00,-0.05121,-0.02870,-0.03065,0.99780,1.00,-0.05154,-0.05584,-0.03354,0.99654,1.00
53227,0.00,0.00,-0.05121,-0.02870,-0.03076,0.99780,1.00,-0.05153,-0.05584,-0.03365,0.99654,1.00
