Time_ms,TargetRotY,LeftRotX,LeftRotY,LeftRotZ,LeftRotW,LeftConfidence,RightRotX,RightRotY,RightRotZ,RightRotW,RightConfidence
14116,0.00000,0.00883,-0.03690,-0.01962,0.99909,1.00,0.00840,-0.06384,-0.02051,0.99771,1.00
14449,12.36742,0.00409,-0.03193,-0.01866,0.99931,1.00,0.00368,-0.05889,-0.01973,0.99806,1.00
14464,12.80612,0.04059,-0.03036,-0.01738,0.99856,1.00,0.04000,-0.05736,-0.01747,0.99740,1.00
14477,13.20924,0.04059,-0.03037,-0.01722,0.99857,1.00,0.03999,-0.05737,-0.01730,0.99740,1.00
14491,13.62063,0.04058,-0.03038,-0.01700,0.99857,1.00,0.03997,-0.05737,-0.01707,0.99741,1.00
14504,14.01395,0.04139,0.02579,-0.01672,0.99867,1.00,0.04096,-0.00127,-0.01680,0.99902,1.00
14519,14.41733,0.04138,0.02580,-0.01683,0.99867,1.00,0.04096,-0.00127,-0.01690,0.99902,1.00
14533,14.79957,0.02762,0.02596,-0.01662,0.99914,1.00,0.02718,-0.00108,-0.01705,0.99948,1.00
14547,15.17124,0.02762,0.02597,-0.01682,0.99914,1.00,0.02718,-0.00108,-0.01724,0.99948,1.00
14561,15.53670,-0.03880,-0.01626,-0.01882,0.99894,1.00,-0.03908,-0.04340,-0.02100,0.99807,1.00
14575,15.88134,-0.03880,-0.01626,-0.01887,0.99894,1.00,-0.03908,-0.04340,-0.02105,0.99807,1.00
14590,16.23263,-0.03880,-0.01626,-0.01879,0.99894,1.00,-0.03908,-0.04340,-0.02096,0.99807,1.00
14603,16.54136,-0.04887,-0.01643,-0.01883,0.99849,1.00,-0.04913,-0.04362,-0.02127,0.99761,1.00
14617,16.84612,-0.04888,-0.01642,-0.01868,0.99850,1.00,-0.04914,-0.04361,-0.02112,0.99762,1.00
14631,17.13960,-0.04938,-0.01649,-0.01865,0.99847,1.00,-0.04964,-0.04368,-0.02110,0.99759,1.00
14645,17.42196,-0.04938,-0.01649,-0.01863,0.99847,1.00,-0.04965,-0.04368,-0.02108,0.99759,1.00
14659,17.69147,-0.04938,-0.01649,-0.01860,0.99847,1.00,-0.04965,-0.04368,-0.02105,0.99759,1.00
14673,17.94498,-0.04932,-0.01653,-0.01851,0.99847,1.00,-0.04958,-0.04372,-0.02096,0.99759,1.00
14687,18.18551,-0.04932,-0.01652,-0.01845,0.99848,1.00,-0.04958,-0.04371,-0.02089,0.99759,1.00
14701,18.40901,-0.04964,-0.01614,-0.01828,0.99847,1.00,-0.04991,-0.04333,-0.02073,0.99760,1.00
14715,18.61876,-0.04964,-0.01613,-0.01817,0.99847,1.00,-0.04991,-0.04332,-0.02063,0.99760,1.00
14729,18.81501,-0.05064,-0.01494,-0.01799,0.99844,1.00,-0.05091,-0.04214,-0.02049,0.99760,1.00
14742,18.99461,-0.05064,-0.01494,-0.01798,0.99844,1.00,-0.05091,-0.04214,-0.02050,0.99760,1.00
14757,19.16911,-0.05064,-0.01493,-0.01790,0.99844,1.00,-0.05091,-0.04213,-0.02043,0.99760,1.00
14770,19.31568,-0.05229,-0.01416,-0.01785,0.99837,1.00,-0.05254,-0.04137,-0.02044,0.99755,1.00
14784,19.45019,-0.05229,-0.01416,-0.01779,0.99837,1.00,-0.05255,-0.04137,-0.02037,0.99755,1.00
14798,19.57355,-0.04951,0.01483,-0.01497,0.99855,1.00,-0.05003,-0.01239,-0.01752,0.99852,1.00
14812,19.68068,-0.04951,0.01482,-0.01526,0.99855,1.00,-0.05003,-0.01241,-0.01782,0.99851,1.00
14826,19.77195,-0.04959,0.14287,-0.00292,0.98849,1.00,-0.05128,0.11688,-0.00537,0.99181,1.00
14840,19.84740,-0.04959,0.14287,-0.00287,0.98849,1.00,-0.05128,0.11688,-0.00533,0.99181,1.00
14854,19.90944,-0.04955,0.14288,-0.00263,0.98849,1.00,-0.05125,0.11689,-0.00508,0.99181,1.00
14868,19.95459,-0.05048,0.15754,-0.00087,0.98622,1.00,-0.05234,0.13182,-0.00330,0.98989,1.00
14882,19.98419,-0.05047,0.15754,-0.00084,0.98622,1.00,-0.05234,0.13182,-0.00328,0.98989,1.00
14896,19.99858,-0.05023,0.15792,-0.00086,0.98617,1.00,-0.05209,0.13220,-0.00330,0.98985,1.00
14909,19.99758,-0.05023,0.15792,-0.00086,0.98617,1.00,-0.05209,0.13220,-0.00330,0.98985,1.00
14924,19.98054,-0.05023,0.15792,-0.00085,0.98617,1.00,-0.05209,0.13220,-0.00329,0.98985,1.00
14937,19.94865,-0.04986,0.15826,-0.00093,0.98614,1.00,-0.05171,0.13254,-0.00336,0.98982,1.00
14951,19.90128,-0.04988,0.15825,-0.00109,0.98614,1.00,-0.05173,0.13253,-0.00352,0.98982,1.00
14965,19.83797,-0.04926,0.16335,-0.00079,0.98534,1.00,-0.05114,0.13774,-0.00318,0.98914,1.00
14979,19.76101,-0.04931,0.16333,-0.00109,0.98534,1.00,-0.05118,0.13772,-0.00347,0.98914,1.00
14993,19.66636,-0.04963,0.16606,-0.00095,0.98487,1.00,-0.05153,0.14050,-0.00332,0.98873,1.00
15007,19.55828,-0.04964,0.16606,-0.00105,0.98487,1.00,-0.05154,0.14050,-0.00341,0.98873,1.00
15021,19.43013,-0.04966,0.16605,-0.00112,0.98487,1.00,-0.05155,0.14050,-0.00349,0.98873,1.00
15035,19.29226,-0.05171,0.19337,0.00208,0.97976,1.00,-0.05392,0.16843,-0.00023,0.98424,1.00
15049,19.13689,-0.05174,0.19336,0.00195,0.97976,1.00,-0.05394,0.16842,-0.00035,0.98424,1.00
15063,18.96972,-0.05416,0.19630,0.00279,0.97904,1.00,-0.05646,0.17140,0.00045,0.98358,1.00
15077,18.78687,-0.05419,0.19629,0.00267,0.97904,1.00,-0.05648,0.17140,0.00033,0.98358,1.00
15091,18.58813,-0.05420,0.19629,0.00262,0.97904,1.00,-0.05649,0.17139,0.00029,0.98358,1.00
15104,18.37545,-0.05517,0.19459,0.00253,0.97933,1.00,-0.05747,0.16963,0.00016,0.98383,1.00
15118,18.14618,-0.05518,0.19458,0.00248,0.97933,1.00,-0.05748,0.16963,0.00011,0.98383,1.00
15132,17.90383,-0.05540,0.19377,0.00236,0.97948,1.00,-0.05770,0.16878,-0.00002,0.98396,1.00
15146,17.65591,-0.05541,0.19376,0.00232,0.97948,1.00,-0.05771,0.16877,-0.00008,0.98396,1.00
15160,17.38618,-0.05543,0.19376,0.00220,0.97948,1.00,-0.05773,0.16877,-0.00020,0.98396,1.00
15174,17.10898,-0.05251,0.19323,0.00149,0.97975,1.00,-0.05474,0.16824,-0.00085,0.98422,1.00
15188,16.80448,-0.05253,0.19322,0.00139,0.97975,1.00,-0.05476,0.16823,-0.00095,0.98422,1.00
15202,16.50450,-0.04892,0.19067,0.00033,0.98043,1.00,-0.05104,0.16564,-0.00193,0.98486,1.00
15215,16.18672,-0.04894,0.19067,0.00022,0.98043,1.00,-0.05106,0.16563,-0.00203,0.98486,1.00
15230,15.84850,-0.05175,0.18385,0.00000,0.98159,1.00,-0.05388,0.15864,-0.00235,0.98586,1.00
15243,15.50480,-0.05174,0.18386,0.00003,0.98159,1.00,-0.05387,0.15864,-0.00230,0.98586,1.00
15257,15.14180,-0.05174,0.18386,0.00005,0.98159,1.00,-0.05387,0.15864,-0.00228,0.98586,1.00
15271,14.77291,-0.05226,0.17287,-0.00093,0.98356,1.00,-0.05431,0.14741,-0.00331,0.98758,1.00
15285,14.39472,-0.05225,0.17287,-0.00084,0.98356,1.00,-0.05429,0.14741,-0.00322,0.98758,1.00
15299,13.99852,-0.05336,0.15449,-0.00253,0.98655,1.00,-0.05526,0.12864,-0.00500,0.99014,1.00
15313,13.59758,-0.05334,0.15450,-0.00235,0.98655,1.00,-0.05524,0.12865,-0.00482,0.99014,1.00
15327,13.18445,-0.05407,0.14807,-0.00275,0.98749,1.00,-0.05592,0.12210,-0.00527,0.99093,1.00
15341,12.76471,-0.05404,0.14808,-0.00254,0.98749,1.00,-0.05590,0.12211,-0.00507,0.99093,1.00
15355,12.30942,-0.05404,0.14808,-0.00249,0.98749,1.00,-0.05589,0.12211,-0.00502,0.99093,1.00
15369,11.87845,-0.05386,0.13668,-0.00376,0.98914,1.00,-0.05559,0.11051,-0.00631,0.99230,1.00
15383,11.43109,-0.05388,0.13667,-0.00389,0.98914,1.00,-0.05560,0.11050,-0.00644,0.99230,1.00
15397,10.96636,-0.05437,0.13002,-0.00465,0.99001,1.00,-0.05603,0.10375,-0.00723,0.99300,1.00
15410,10.50294,-0.05437,0.13002,-0.00467,0.99001,1.00,-0.05603,0.10375,-0.00725,0.99300,1.00
15425,10.01251,-0.05436,0.13003,-0.00456,0.99001,1.00,-0.05602,0.10375,-0.00716,0.99300,1.00
15439,9.52854,-0.05170,0.12576,-0.00506,0.99070,1.00,-0.05330,0.09943,-0.00761,0.99359,1.00
15453,9.03578,-0.05166,0.12578,-0.00471,0.99070,1.00,-0.05326,0.09945,-0.00726,0.99359,1.00
15467,8.53234,-0.05277,0.11176,-0.00589,0.99232,1.00,-0.05426,0.08522,-0.00851,0.99485,1.00
15480,8.03072,-0.05277,0.11176,-0.00585,0.99232,1.00,-0.05425,0.08522,-0.00847,0.99485,1.00
15494,7.51855,-0.05274,0.10343,-0.00671,0.99322,1.00,-0.05413,0.07677,-0.00935,0.99553,1.00
15508,7.00297,-0.05275,0.10343,-0.00674,0.99321,1.00,-0.05414,0.07677,-0.00938,0.99553,1.00
15522,6.46344,-0.05275,0.10342,-0.00676,0.99321,1.00,-0.05414,0.07677,-0.00939,0.99553,1.00
15536,5.95335,-0.05309,0.08744,-0.00844,0.99472,1.00,-0.05432,0.06060,-0.01110,0.99662,1.00
15550,5.42059,-0.05309,0.08744,-0.00839,0.99472,1.00,-0.05432,0.06060,-0.01105,0.99662,1.00
15564,4.87487,-0.05558,0.07853,-0.00910,0.99532,1.00,-0.05674,0.05159,-0.01184,0.99698,1.00
15578,4.34091,-0.05558,0.07853,-0.00909,0.99532,1.00,-0.05674,0.05159,-0.01183,0.99698,1.00
15592,3.78885,-0.05558,0.07853,-0.00912,0.99532,1.00,-0.05674,0.05159,-0.01186,0.99698,1.00
15605,3.24812,-0.05484,0.06203,-0.01074,0.99651,1.00,-0.05583,0.03496,-0.01348,0.99774,1.00
15619,2.69269,-0.05483,0.06204,-0.01062,0.99651,1.00,-0.05583,0.03496,-0.01336,0.99774,1.00
15633,2.14205,-0.05583,0.03305,-0.01332,0.99780,1.00,-0.05655,0.00582,-0.01608,0.99825,1.00
15647,1.59192,-0.05582,0.03306,-0.01314,0.99781,1.00,-0.05655,0.00583,-0.01590,0.99826,1.00
15661,1.03608,-0.05608,0.02045,-0.01448,0.99811,1.00,-0.05667,-0.00681,-0.01725,0.99822,1.00
15675,0.47986,-0.05608,0.02045,-0.01451,0.99811,1.00,-0.05667,-0.00681,-0.01728,0.99822,1.00
15689,-0.10016,-0.05607,0.02046,-0.01432,0.99811,1.00,-0.05667,-0.00680,-0.01709,0.99822,1.00
15703,-0.63960,-0.05624,0.01081,-0.01497,0.99825,1.00,-0.05674,-0.01646,-0.01774,0.99810,1.00
15717,-1.20379,-0.05624,0.01082,-0.01474,0.99825,1.00,-0.05675,-0.01645,-0.01752,0.99810,1.00
15731,-1.75242,-0.05443,-0.00066,-0.01574,0.99839,1.00,-0.05482,-0.02791,-0.01846,0.99794,1.00
15744,-2.29602,-0.05443,-0.00065,-0.01561,0.99840,1.00,-0.05482,-0.02791,-0.01832,0.99794,1.00
15759,-2.85372,-0.05443,-0.00064,-0.01544,0.99840,1.00,-0.05483,-0.02790,-0.01816,0.99794,1.00
15772,-3.39928,-0.05253,-0.01452,-0.01674,0.99837,1.00,-0.05279,-0.04174,-0.01939,0.99754,1.00
15786,-3.93962,-0.05253,-0.01452,-0.01671,0.99837,1.00,-0.05279,-0.04174,-0.01936,0.99754,1.00
15800,-4.48893,-0.05261,-0.02437,-0.01769,0.99816,1.00,-0.05277,-0.05157,-0.02032,0.99707,1.00
15814,-5.02620,-0.05261,-0.02438,-0.01770,0.99816,1.00,-0.05277,-0.05157,-0.02033,0.99707,1.00
15828,-5.56820,-0.05289,-0.04051,-0.01920,0.99759,1.00,-0.05290,-0.06763,-0.02180,0.99607,1.00
15842,-6.09737,-0.05289,-0.04050,-0.01915,0.99759,1.00,-0.05290,-0.06762,-0.02174,0.99607,1.00
15856,-6.65182,-0.05290,-0.04050,-0.01905,0.99760,1.00,-0.05291,-0.06762,-0.02163,0.99607,1.00
15870,-7.15860,-0.05339,-0.05628,-0.02045,0.99678,1.00,-0.05326,-0.08330,-0.02301,0.99483,1.00
15884,-7.67080,-0.05339,-0.05628,-0.02037,0.99678,1.00,-0.05327,-0.08330,-0.02293,0.99484,1.00
15898,-8.18692,-0.05068,-0.06592,-0.02105,0.99631,1.00,-0.05049,-0.09285,-0.02351,0.99412,1.00
15912,-8.69073,-0.05068,-0.06592,-0.02105,0.99631,1.00,-0.05049,-0.09285,-0.02351,0.99412,1.00
15926,-9.19477,-0.05068,-0.06592,-0.02096,0.99632,1.00,-0.05049,-0.09285,-0.02343,0.99412,1.00
15939,-9.67409,-0.04777,-0.08014,-0.02201,0.99540,1.00,-0.04749,-0.10693,-0.02436,0.99283,1.00
15953,-10.15628,-0.04777,-0.08014,-0.02200,0.99540,1.00,-0.04749,-0.10693,-0.02434,0.99283,1.00
15967,-10.63298,-0.04793,-0.08751,-0.02251,0.99475,1.00,-0.04759,-0.11423,-0.02484,0.99200,1.00
15981,-11.09172,-0.04794,-0.08751,-0.02242,0.99476,1.00,-0.04760,-0.11422,-0.02474,0.99201,1.00
15995,-11.56046,-0.04817,-0.09958,-0.02335,0.99359,1.00,-0.04773,-0.12615,-0.02565,0.99053,1.00
16009,-11.99905,-0.04818,-0.09957,-0.02327,0.99359,1.00,-0.04774,-0.12614,-0.02558,0.99053,1.00
16023,-12.44224,-0.04818,-0.09957,-0.02322,0.99359,1.00,-0.04774,-0.12614,-0.02554,0.99053,1.00
16036,-12.85320,-0.04339,-0.13428,-0.02553,0.98966,1.00,-0.04275,-0.16031,-0.02760,0.98575,1.00
16050,-13.27390,-0.04340,-0.13428,-0.02550,0.98966,1.00,-0.04275,-0.16031,-0.02758,0.98576,1.00
16064,-13.68868,-0.04318,-0.14055,-0.02590,0.98879,1.00,-0.04248,-0.16647,-0.02796,0.98473,1.00
16078,-14.09842,-0.04317,-0.14055,-0.02593,0.98879,1.00,-0.04247,-0.16647,-0.02799,0.98473,1.00
16092,-14.49493,-0.04316,-0.14055,-0.02603,0.98879,1.00,-0.04246,-0.16648,-0.02809,0.98473,1.00
16106,-14.87071,-0.04293,-0.14807,-0.02669,0.98768,1.00,-0.04217,-0.17386,-0.02872,0.98345,1.00
16120,-15.24202,-0.04294,-0.14807,-0.02665,0.98769,1.00,-0.04217,-0.17386,-0.02868,0.98345,1.00
16134,-15.59871,-0.04007,-0.15587,-0.02677,0.98660,1.00,-0.03931,-0.18151,-0.02870,0.98218,1.00
16148,-15.93990,-0.04010,-0.15586,-0.02660,0.98661,1.00,-0.03934,-0.18151,-0.02854,0.98219,1.00
16162,-16.27401,-0.04088,-0.15699,-0.02682,0.98639,1.00,-0.04010,-0.18262,-0.02877,0.98194,1.00
16176,-16.58910,-0.04089,-0.15699,-0.02679,0.98639,1.00,-0.04011,-0.18262,-0.02874,0.98195,1.00
16190,-16.90413,-0.04089,-0.15698,-0.02674,0.98639,1.00,-0.04012,-0.18261,-0.02869,0.98195,1.00
16204,-17.19032,-0.04092,-0.16791,-0.02757,0.98457,1.00,-0.04006,-0.19332,-0.02947,0.97988,1.00
16218,-17.46192,-0.04093,-0.16791,-0.02752,0.98457,1.00,-0.04007,-0.19332,-0.02943,0.97988,1.00
16232,-17.72577,-0.04093,-0.17054,-0.02777,0.98411,1.00,-0.04005,-0.19590,-0.02967,0.97936,1.00
16245,-17.97497,-0.04094,-0.17054,-0.02773,0.98411,1.00,-0.04006,-0.19590,-0.02962,0.97936,1.00
16260,-18.21689,-0.03832,-0.20138,-0.02965,0.97832,1.00,-0.03729,-0.22600,-0.03134,0.97291,1.00
16273,-18.43723,-0.03830,-0.20138,-0.02971,0.97831,1.00,-0.03727,-0.22600,-0.03140,0.97291,1.00
16287,-18.64444,-0.03827,-0.20138,-0.02988,0.97831,1.00,-0.03723,-0.22601,-0.03157,0.97290,1.00
16301,-18.83769,-0.03757,-0.20273,-0.02990,0.97806,1.00,-0.03654,-0.22732,-0.03156,0.97262,1.00
16315,-19.02043,-0.03760,-0.20272,-0.02974,0.97806,1.00,-0.03657,-0.22731,-0.03141,0.97263,1.00
16329,-19.18733,-0.03762,-0.20299,-0.02955,0.97801,1.00,-0.03660,-0.22757,-0.03122,0.97257,1.00
16343,-19.33508,-0.03766,-0.20298,-0.02935,0.97802,1.00,-0.03665,-0.22757,-0.03103,0.97258,1.00
16357,-19.47207,-0.03766,-0.20298,-0.02934,0.97802,1.00,-0.03665,-0.22757,-0.03101,0.97258,1.00
16371,-19.58997,-0.03766,-0.20490,-0.02940,0.97762,1.00,-0.03663,-0.22944,-0.03105,0.97214,1.00
16385,-19.69408,-0.03768,-0.20489,-0.02930,0.97762,1.00,-0.03666,-0.22944,-0.03095,0.97214,1.00
16399,-19.78520,-0.03883,-0.20529,-0.02949,0.97749,1.00,-0.03778,-0.22983,-0.03114,0.97200,1.00
16413,-19.85767,-0.03884,-0.20529,-0.02946,0.97749,1.00,-0.03779,-0.22983,-0.03109,0.97200,1.00
16427,-19.91660,-0.03924,-0.20646,-0.02954,0.97722,1.00,-0.03818,-0.23098,-0.03117,0.97171,1.00
16440,-19.95935,-0.03923,-0.20646,-0.02962,0.97722,1.00,-0.03816,-0.23099,-0.03124,0.97171,1.00
16455,-19.98799,-0.03925,-0.20646,-0.02949,0.97722,1.00,-0.03819,-0.23098,-0.03111,0.97171,1.00
16469,-19.99948,-0.04013,-0.22838,-0.03133,0.97224,1.00,-0.03891,-0.25232,-0.03285,0.96630,1.00
16482,-19.99601,-0.04016,-0.22838,-0.03120,0.97224,1.00,-0.03895,-0.25231,-0.03273,0.96631,1.00
16496,-19.97731,-0.04248,-0.22867,-0.03159,0.97206,1.00,-0.04120,-0.25261,-0.03315,0.96612,1.00
16510,-19.94288,-0.04256,-0.22865,-0.03127,0.97207,1.00,-0.04129,-0.25260,-0.03282,0.96613,1.00
16524,-19.89171,-0.04259,-0.22865,-0.03112,0.97208,1.00,-0.04133,-0.25259,-0.03267,0.96614,1.00
16538,-19.82799,-0.04312,-0.23100,-0.03155,0.97148,1.00,-0.04182,-0.25490,-0.03309,0.96550,1.00
16552,-19.74822,-0.04312,-0.23100,-0.03154,0.97149,1.00,-0.04182,-0.25489,-0.03307,0.96550,1.00
16566,-19.65132,-0.04347,-0.22653,-0.03103,0.97254,1.00,-0.04220,-0.25056,-0.03259,0.96663,1.00
16580,-19.54170,-0.04353,-0.22652,-0.03078,0.97255,1.00,-0.04226,-0.25055,-0.03235,0.96664,1.00
16594,-19.41315,-0.04424,-0.22733,-0.03096,0.97232,1.00,-0.04294,-0.25135,-0.03254,0.96639,1.00
16607,-19.27386,-0.04423,-0.22733,-0.03099,0.97232,1.00,-0.04293,-0.25136,-0.03258,0.96639,1.00
16622,-19.11222,-0.04421,-0.22734,-0.03110,0.97231,1.00,-0.04290,-0.25136,-0.03269,0.96639,1.00
16636,-18.94308,-0.04544,-0.22709,-0.03132,0.97231,1.00,-0.04409,-0.25114,-0.03293,0.96639,1.00
16649,-18.76015,-0.04545,-0.22709,-0.03127,0.97231,1.00,-0.04410,-0.25113,-0.03288,0.96639,1.00
16663,-18.55894,-0.04725,-0.22476,-0.03144,0.97276,1.00,-0.04587,-0.24888,-0.03309,0.96688,1.00
16677,-18.34386,-0.04725,-0.22476,-0.03142,0.97276,1.00,-0.04587,-0.24888,-0.03307,0.96688,1.00
16691,-18.11367,-0.04723,-0.22476,-0.03152,0.97276,1.00,-0.04585,-0.24888,-0.03316,0.96688,1.00
16705,-17.87398,-0.04725,-0.22062,-0.03129,0.97371,1.00,-0.04589,-0.24485,-0.03295,0.96791,1.00
16719,-17.61825,-0.04722,-0.22062,-0.03139,0.97371,1.00,-0.04587,-0.24485,-0.03304,0.96791,1.00
16733,-17.34330,-0.04488,-0.21945,-0.03090,0.97410,1.00,-0.04359,-0.24370,-0.03251,0.96833,1.00
16747,-17.06159,-0.04486,-0.21946,-0.03096,0.97410,1.00,-0.04358,-0.24370,-0.03257,0.96832,1.00
16761,-16.76054,-0.04336,-0.21355,-0.03015,0.97550,1.00,-0.04216,-0.23793,-0.03176,0.96985,1.00
16775,-16.45259,-0.04335,-0.21355,-0.03017,0.97550,1.00,-0.04216,-0.23794,-0.03178,0.96985,1.00
16789,-16.11802,-0.04335,-0.21355,-0.03016,0.97550,1.00,-0.04216,-0.23793,-0.03177,0.96985,1.00
16803,-15.78658,-0.03716,-0.21208,-0.02865,0.97612,1.00,-0.03615,-0.23648,-0.03014,0.97050,1.00
16816,-15.44573,-0.03717,-0.21208,-0.02862,0.97613,1.00,-0.03616,-0.23647,-0.03010,0.97050,1.00
16830,-15.08567,-0.03720,-0.20585,-0.02818,0.97747,1.00,-0.03623,-0.23040,-0.02969,0.97197,1.00
16844,-14.71787,-0.03719,-0.20585,-0.02821,0.97747,1.00,-0.03622,-0.23040,-0.02972,0.97197,1.00
16858,-14.33341,-0.03716,-0.20585,-0.02833,0.97747,1.00,-0.03619,-0.23040,-0.02983,0.97197,1.00
16872,-13.94484,-0.03764,-0.20474,-0.02844,0.97768,1.00,-0.03666,-0.22931,-0.02995,0.97220,1.00
16886,-13.53733,-0.03762,-0.20474,-0.02852,0.97768,1.00,-0.03664,-0.22931,-0.03003,0.97220,1.00
16900,-13.12343,-0.03915,-0.19511,-0.02833,0.97959,1.00,-0.03819,-0.21993,-0.02992,0.97431,1.00
16914,-12.70248,-0.03912,-0.19512,-0.02845,0.97959,1.00,-0.03816,-0.21993,-0.03005,0.97431,1.00
16928,-12.26284,-0.03953,-0.18699,-0.02815,0.98116,1.00,-0.03861,-0.21198,-0.02980,0.97606,1.00
16941,-11.82235,-0.03951,-0.18699,-0.02827,0.98116,1.00,-0.03859,-0.21199,-0.02992,0.97605,1.00
16956,-11.34185,-0.03948,-0.18700,-0.02842,0.98116,1.00,-0.03856,-0.21199,-0.03005,0.97605,1.00
16970,-10.88083,-0.04034,-0.18139,-0.02823,0.98218,1.00,-0.03944,-0.20650,-0.02991,0.97719,1.00
16983,-10.42968,-0.04032,-0.18139,-0.02836,0.98217,1.00,-0.03942,-0.20651,-0.03004,0.97719,1.00
16997,-9.95365,-0.04022,-0.17233,-0.02778,0.98383,1.00,-0.03939,-0.19763,-0.02948,0.97904,1.00
17011,-9.46450,-0.04020,-0.17234,-0.02787,0.98382,1.00,-0.03937,-0.19763,-0.02957,0.97904,1.00
17025,-8.96289,-0.04019,-0.17234,-0.02792,0.98382,1.00,-0.03936,-0.19764,-0.02960,0.97904,1.00
17039,-8.46353,-0.03857,-0.16412,-0.02716,0.98531,1.00,-0.03784,-0.18956,-0.02884,0.98072,1.00
17053,-7.95835,-0.03855,-0.16412,-0.02728,0.98531,1.00,-0.03782,-0.18956,-0.02895,0.98071,1.00
17067,-7.44601,-0.03883,-0.15676,-0.02684,0.98651,1.00,-0.03814,-0.18233,-0.02853,0.98208,1.00
17081,-6.92964,-0.03881,-0.15676,-0.02693,0.98651,1.00,-0.03812,-0.18234,-0.02862,0.98208,1.00
17095,-6.40067,-0.03936,-0.14232,-0.02608,0.98869,1.00,-0.03876,-0.16816,-0.02784,0.98460,1.00
17109,-5.87425,-0.03932,-0.14233,-0.02634,0.98869,1.00,-0.03872,-0.16817,-0.02808,0.98460,1.00
17123,-5.31701,-0.03929,-0.14234,-0.02654,0.98868,1.00,-0.03869,-0.16817,-0.02826,0.98459,1.00
17137,-4.78864,-0.04350,-0.12854,-0.02635,0.99040,1.00,-0.04291,-0.15461,-0.02822,0.98664,1.00
17151,-4.24961,-0.04345,-0.12855,-0.02672,0.99039,1.00,-0.04286,-0.15463,-0.02858,0.98663,1.00
17165,-3.70253,-0.04382,-0.11215,-0.02581,0.99239,1.00,-0.04336,-0.13848,-0.02774,0.98903,1.00
17178,-3.16153,-0.04381,-0.11215,-0.02590,0.99239,1.00,-0.04335,-0.13848,-0.02783,0.98902,1.00
17192,-2.60998,-0.04381,-0.11216,-0.02594,0.99239,1.00,-0.04334,-0.13848,-0.02786,0.98902,1.00
17206,-2.05883,-0.04683,-0.09190,-0.02479,0.99436,1.00,-0.04649,-0.11851,-0.02686,0.99150,1.00
17220,-1.49848,-0.04681,-0.09191,-0.02494,0.99435,1.00,-0.04648,-0.11852,-0.02699,0.99150,1.00
17234,-0.94358,-0.04753,-0.07505,-0.02376,0.99576,1.00,-0.04733,-0.10185,-0.02588,0.99334,1.00
17248,-0.38353,-0.04751,-0.07506,-0.02397,0.99576,1.00,-0.04731,-0.10186,-0.02608,0.99333,1.00
17262,0.17316,-0.04762,-0.06369,-0.02325,0.99656,1.00,-0.04752,-0.09059,-0.02539,0.99443,1.00
17276,0.72728,-0.04761,-0.06370,-0.02348,0.99656,1.00,-0.04750,-0.09060,-0.02561,0.99442,1.00
17290,1.30969,-0.04759,-0.06371,-0.02374,0.99655,1.00,-0.04748,-0.09061,-0.02586,0.99442,1.00
17304,1.84070,-0.05003,-0.04990,-0.02298,0.99724,1.00,-0.05001,-0.07691,-0.02519,0.99546,1.00
17317,2.38587,-0.05001,-0.04991,-0.02334,0.99723,1.00,-0.04998,-0.07693,-0.02555,0.99546,1.00
17332,2.94274,-0.05003,-0.03454,-0.02234,0.99790,1.00,-0.05015,-0.06165,-0.02458,0.99653,1.00
17345,3.48761,-0.05002,-0.03456,-0.02265,0.99789,1.00,-0.05013,-0.06166,-0.02488,0.99653,1.00
17359,4.03609,-0.05001,-0.03456,-0.02279,0.99789,1.00,-0.05012,-0.06167,-0.02503,0.99652,1.00
17373,4.57408,-0.04957,-0.01983,-0.02180,0.99834,1.00,-0.04983,-0.04700,-0.02406,0.99736,1.00
17387,5.12128,-0.04957,-0.01984,-0.02196,0.99833,1.00,-0.04982,-0.04701,-0.02420,0.99736,1.00
17401,5.66162,-0.04943,-0.00652,-0.02117,0.99853,1.00,-0.04981,-0.03372,-0.02343,0.99791,1.00
17415,6.19432,-0.04943,-0.00654,-0.02154,0.99852,1.00,-0.04980,-0.03374,-0.02380,0.99791,1.00
17429,6.73398,-0.05272,0.00583,-0.02072,0.99838,1.00,-0.05320,-0.02141,-0.02309,0.99809,1.00
17443,7.24194,-0.05272,0.00581,-0.02097,0.99837,1.00,-0.05320,-0.02142,-0.02334,0.99808,1.00
17457,7.77249,-0.05272,0.00581,-0.02112,0.99837,1.00,-0.05319,-0.02143,-0.02348,0.99808,1.00
17471,8.27681,-0.05251,0.01819,-0.02030,0.99825,1.00,-0.05311,-0.00904,-0.02267,0.99829,1.00
17485,8.77164,-0.05251,0.01818,-0.02047,0.99825,1.00,-0.05311,-0.00905,-0.02283,0.99829,1.00
17499,9.26538,-0.05469,0.03088,-0.01965,0.99783,1.00,-0.05542,0.00366,-0.02209,0.99821,1.00
17512,9.74924,-0.05470,0.03086,-0.01989,0.99783,1.00,-0.05542,0.00364,-0.02234,0.99821,1.00
17526,10.23595,-0.05102,0.04519,-0.01901,0.99749,1.00,-0.05187,0.01804,-0.02136,0.99826,1.00
17540,10.70602,-0.05103,0.04518,-0.01934,0.99749,1.00,-0.05188,0.01802,-0.02168,0.99826,1.00
17554,11.18141,-0.05105,0.04516,-0.01964,0.99748,1.00,-0.05189,0.01800,-0.02198,0.99825,1.00
17568,11.63593,-0.05411,0.05824,-0.01862,0.99666,1.00,-0.05510,0.03113,-0.02106,0.99777,1.00
17582,12.07900,-0.05412,0.05823,-0.01879,0.99666,1.00,-0.05511,0.03112,-0.02122,0.99777,1.00
17596,12.52785,-0.05140,0.07181,-0.01798,0.99593,1.00,-0.05251,0.04480,-0.02033,0.99741,1.00
17610,12.95278,-0.05141,0.07180,-0.01805,0.99593,1.00,-0.05252,0.04479,-0.02041,0.99741,1.00
17624,13.37332,-0.05143,0.07179,-0.01835,0.99592,1.00,-0.05253,0.04478,-0.02070,0.99740,1.00
17638,13.77872,-0.05104,0.08472,-0.01735,0.99495,1.00,-0.05227,0.05781,-0.01969,0.99676,1.00
17652,14.18072,-0.05105,0.08471,-0.01744,0.99494,1.00,-0.05228,0.05781,-0.01978,0.99676,1.00
17666,14.57450,-0.04942,0.09659,-0.01662,0.99396,1.00,-0.05075,0.06980,-0.01891,0.99609,1.00
17680,14.94077,-0.04943,0.09658,-0.01675,0.99396,1.00,-0.05076,0.06980,-0.01904,0.99609,1.00
17694,15.31269,-0.04889,0.11297,-0.01535,0.99228,1.00,-0.05037,0.08638,-0.01761,0.99483,1.00
17707,15.65287,-0.04890,0.11296,-0.01542,0.99228,1.00,-0.05038,0.08638,-0.01767,0.99483,1.00
17721,15.99624,-0.04889,0.11297,-0.01541,0.99228,1.00,-0.05037,0.08638,-0.01765,0.99483,1.00
17735,16.32187,-0.04883,0.11930,-0.01484,0.99155,1.00,-0.05038,0.09279,-0.01707,0.99426,1.00
17749,16.63674,-0.04884,0.11929,-0.01492,0.99154,1.00,-0.05038,0.09279,-0.01715,0.99426,1.00
17763,16.94318,-0.04987,0.12800,-0.01398,0.99042,1.00,-0.05151,0.10162,-0.01623,0.99336,1.00
17777,17.23145,-0.04987,0.12800,-0.01400,0.99042,1.00,-0.05151,0.10162,-0.01625,0.99336,1.00
17791,17.51030,-0.04986,0.12801,-0.01390,0.99042,1.00,-0.05150,0.10162,-0.01614,0.99336,1.00
17805,17.77245,-0.04953,0.13964,-0.01280,0.98888,1.00,-0.05128,0.11345,-0.01502,0.99211,1.00
17819,18.02466,-0.04952,0.13965,-0.01267,0.98888,1.00,-0.05126,0.11345,-0.01489,0.99211,1.00
17833,18.25809,-0.04923,0.14782,-0.01181,0.98772,1.00,-0.05104,0.12177,-0.01400,0.99115,1.00
17847,18.47550,-0.04922,0.14783,-0.01176,0.98772,1.00,-0.05104,0.12177,-0.01395,0.99115,1.00
17861,18.68200,-0.04728,0.15315,-0.01147,0.98700,1.00,-0.04910,0.12721,-0.01360,0.99057,1.00
17874,18.87207,-0.04727,0.15316,-0.01142,0.98700,1.00,-0.04910,0.12721,-0.01355,0.99057,1.00
17889,19.05602,-0.04727,0.15316,-0.01137,0.98701,1.00,-0.04909,0.12722,-0.01350,0.99057,1.00
17902,19.21272,-0.04671,0.16304,-0.01054,0.98546,1.00,-0.04860,0.13730,-0.01264,0.98926,1.00
17916,19.35990,-0.04671,0.16304,-0.01057,0.98546,1.00,-0.04860,0.13730,-0.01267,0.98926,1.00
17930,19.49428,-0.04611,0.16990,-0.01000,0.98433,1.00,-0.04804,0.14430,-0.01206,0.98829,1.00
17944,19.60821,-0.04609,0.16991,-0.00987,0.98433,1.00,-0.04803,0.14431,-0.01195,0.98829,1.00
17958,19.71114,-0.04607,0.16992,-0.00973,0.98433,1.00,-0.04801,0.14431,-0.01181,0.98830,1.00
17972,19.79663,-0.04589,0.17278,-0.00936,0.98385,1.00,-0.04785,0.14724,-0.01144,0.98788,1.00
17986,19.86750,-0.04589,0.17278,-0.00936,0.98385,1.00,-0.04785,0.14724,-0.01144,0.98788,1.00
18000,19.92403,-0.04546,0.17930,-0.00887,0.98270,1.00,-0.04746,0.15390,-0.01092,0.98688,1.00
18013,19.96444,-0.04548,0.17930,-0.00897,0.98270,1.00,-0.04748,0.15390,-0.01105,0.98688,1.00
18027,19.98998,-0.04811,0.18562,-0.00779,0.98141,1.00,-0.05022,0.16034,-0.00994,0.98573,1.00
18041,19.99987,-0.04806,0.18563,-0.00754,0.98142,1.00,-0.05018,0.16036,-0.00969,0.98574,1.00
18056,19.99340,-0.04802,0.18564,-0.00734,0.98142,1.00,-0.05015,0.16037,-0.00949,0.98574,1.00
18070,19.97205,-0.04782,0.18815,-0.00695,0.98095,1.00,-0.04998,0.16294,-0.00909,0.98533,1.00
18083,19.93510,-0.04782,0.18815,-0.00694,0.98095,1.00,-0.04998,0.16294,-0.00909,0.98533,1.00
18097,19.88282,-0.04931,0.19147,-0.00630,0.98024,1.00,-0.05153,0.16632,-0.00847,0.98469,1.00
18111,19.81552,-0.04931,0.19147,-0.00629,0.98024,1.00,-0.05153,0.16632,-0.00848,0.98469,1.00
18125,19.73193,-0.04931,0.19147,-0.00627,0.98024,1.00,-0.05153,0.16632,-0.00845,0.98469,1.00
18139,19.63370,-0.04966,0.19249,-0.00606,0.98002,1.00,-0.05190,0.16737,-0.00826,0.98449,1.00
18153,19.51981,-0.04965,0.19250,-0.00602,0.98002,1.00,-0.05189,0.16737,-0.00822,0.98449,1.00
18167,19.39009,-0.04938,0.19329,-0.00592,0.97988,1.00,-0.05162,0.16819,-0.00810,0.98437,1.00
18181,19.24767,-0.04937,0.19329,-0.00588,0.97988,1.00,-0.05161,0.16819,-0.00807,0.98437,1.00
18195,19.08788,-0.05030,0.19203,-0.00582,0.98008,1.00,-0.05255,0.16689,-0.00803,0.98454,1.00
18208,18.91678,-0.05030,0.19202,-0.00583,0.98008,1.00,-0.05255,0.16689,-0.00804,0.98454,1.00
18223,18.71772,-0.05027,0.19203,-0.00567,0.98008,1.00,-0.05252,0.16690,-0.00789,0.98454,1.00
18237,18.51895,-0.05032,0.18863,-0.00596,0.98074,1.00,-0.05254,0.16342,-0.00818,0.98512,1.00
18250,18.30438,-0.05030,0.18863,-0.00588,0.98074,1.00,-0.05253,0.16343,-0.00811,0.98512,1.00
18264,18.07244,-0.05040,0.18468,-0.00626,0.98149,1.00,-0.05259,0.15939,-0.00851,0.98578,1.00
18278,17.83050,-0.05043,0.18467,-0.00640,0.98148,1.00,-0.05262,0.15938,-0.00866,0.98578,1.00
18292,17.57093,-0.05041,0.18468,-0.00631,0.98149,1.00,-0.05260,0.15939,-0.00857,0.98578,1.00
18306,17.30318,-0.04758,0.18115,-0.00698,0.98228,1.00,-0.04969,0.15580,-0.00918,0.98650,1.00
18320,17.01708,-0.04756,0.18116,-0.00683,0.98228,1.00,-0.04966,0.15581,-0.00904,0.98650,1.00
18334,16.71945,-0.04747,0.17793,-0.00704,0.98287,1.00,-0.04955,0.15251,-0.00926,0.98702,1.00
18347,16.40811,-0.04746,0.17793,-0.00699,0.98287,1.00,-0.04955,0.15251,-0.00922,0.98702,1.00
18362,16.07930,-0.04616,0.17121,-0.00775,0.98412,1.00,-0.04816,0.14566,-0.00998,0.98811,1.00
18375,15.74534,-0.04615,0.17122,-0.00766,0.98412,1.00,-0.04814,0.14567,-0.00989,0.98811,1.00
18390,15.37505,-0.04614,0.17122,-0.00762,0.98412,1.00,-0.04814,0.14567,-0.00984,0.98811,1.00
18404,15.01919,-0.04755,0.16318,-0.00820,0.98542,1.00,-0.04950,0.13746,-0.01048,0.98921,1.00
18417,14.65187,-0.04757,0.16318,-0.00835,0.98541,1.00,-0.04952,0.13745,-0.01062,0.98921,1.00
18431,14.26490,-0.04515,0.15455,-0.00979,0.98691,1.00,-0.04696,0.12867,-0.01202,0.99050,1.00
18445,13.87790,-0.04518,0.15454,-0.00998,0.98690,1.00,-0.04698,0.12866,-0.01221,0.99050,1.00
18459,13.46977,-0.04519,0.15453,-0.01005,0.98690,1.00,-0.04699,0.12866,-0.01230,0.99050,1.00
18473,13.04927,-0.05044,0.14792,-0.00996,0.98766,1.00,-0.05229,0.12190,-0.01235,0.99109,1.00
18487,12.62238,-0.05044,0.14792,-0.00993,0.98766,1.00,-0.05229,0.12190,-0.01232,0.99109,1.00
18501,12.18425,-0.04578,0.13791,-0.01164,0.98932,1.00,-0.04747,0.11174,-0.01392,0.99251,1.00
18515,11.74163,-0.04577,0.13791,-0.01158,0.98932,1.00,-0.04747,0.11174,-0.01386,0.99251,1.00
18529,11.28804,-0.04469,0.12551,-0.01287,0.99100,1.00,-0.04626,0.09914,-0.01513,0.99388,1.00
18542,10.82794,-0.04468,0.12551,-0.01282,0.99100,1.00,-0.04626,0.09915,-0.01508,0.99388,1.00
18557,10.32955,-0.04468,0.12551,-0.01278,0.99100,1.00,-0.04626,0.09915,-0.01504,0.99388,1.00
18570,9.87378,-0.04516,0.11530,-0.01366,0.99221,1.00,-0.04666,0.08879,-0.01594,0.99483,1.00
18584,9.39140,-0.04515,0.11531,-0.01358,0.99221,1.00,-0.04665,0.08880,-0.01586,0.99483,1.00
18598,8.89631,-0.04855,0.10198,-0.01439,0.99350,1.00,-0.04997,0.07528,-0.01679,0.99577,1.00
18612,8.40297,-0.04855,0.10198,-0.01435,0.99350,1.00,-0.04997,0.07528,-0.01675,0.99577,1.00
18626,7.89809,-0.04855,0.10198,-0.01435,0.99350,1.00,-0.04997,0.07528,-0.01675,0.99577,1.00
18639,7.38810,-0.04923,0.09220,-0.01521,0.99441,1.00,-0.05057,0.06539,-0.01765,0.99642,1.00
18653,6.86531,-0.04923,0.09220,-0.01523,0.99441,1.00,-0.05057,0.06539,-0.01767,0.99642,1.00
18667,6.34706,-0.05021,0.08216,-0.01602,0.99522,1.00,-0.05147,0.05525,-0.01850,0.99697,1.00
18681,5.81673,-0.05020,0.08216,-0.01593,0.99523,1.00,-0.05146,0.05525,-0.01841,0.99698,1.00
18695,5.27984,-0.05113,0.06713,-0.01718,0.99629,1.00,-0.05225,0.04009,-0.01969,0.99763,1.00
18709,4.74067,-0.05112,0.06714,-0.01708,0.99629,1.00,-0.05225,0.04010,-0.01959,0.99764,1.00
18723,4.17276,-0.05111,0.06714,-0.01699,0.99629,1.00,-0.05225,0.04010,-0.01950,0.99764,1.00
18737,3.64858,-0.05504,0.05356,-0.01813,0.99688,1.00,-0.05606,0.02641,-0.02075,0.99786,1.00
18751,3.10454,-0.05504,0.05356,-0.01815,0.99688,1.00,-0.05606,0.02641,-0.02077,0.99786,1.00
18764,2.55593,-0.05526,0.04410,-0.01904,0.99732,1.00,-0.05618,0.01691,-0.02166,0.99804,1.00
18778,2.00590,-0.05525,0.04411,-0.01894,0.99732,1.00,-0.05618,0.01691,-0.02157,0.99804,1.00
18792,1.45623,-0.05525,0.04411,-0.01887,0.99732,1.00,-0.05617,0.01692,-0.02151,0.99805,1.00
18806,0.90614,-0.05333,0.02996,-0.02036,0.99792,1.00,-0.05411,0.00273,-0.02293,0.99827,1.00
18820,0.34132,-0.05334,0.02995,-0.02053,0.99792,1.00,-0.05411,0.00273,-0.02310,0.99826,1.00
18834,-0.22285,-0.05365,0.01558,-0.02203,0.99820,1.00,-0.05428,-0.01167,-0.02459,0.99815,1.00
18848,-0.77594,-0.05365,0.01558,-0.02214,0.99819,1.00,-0.05428,-0.01167,-0.02471,0.99815,1.00
18862,-1.33354,-0.05398,-0.00211,-0.02392,0.99825,1.00,-0.05445,-0.02935,-0.02648,0.99773,1.00
18876,-1.90362,-0.05398,-0.00211,-0.02391,0.99825,1.00,-0.05445,-0.02935,-0.02648,0.99773,1.00
18890,-2.46965,-0.05398,-0.00211,-0.02376,0.99826,1.00,-0.05445,-0.02934,-0.02633,0.99774,1.00
18903,-2.98540,-0.01342,-0.02130,-0.02447,0.99938,1.00,-0.01392,-0.04831,-0.02591,0.99840,1.00
18917,-3.52812,-0.01343,-0.02130,-0.02440,0.99939,1.00,-0.01393,-0.04831,-0.02583,0.99840,1.00
18931,-4.09020,-0.01346,-0.03650,-0.02511,0.99893,1.00,-0.01390,-0.06342,-0.02653,0.99754,1.00
18946,-4.64092,-0.01346,-0.03649,-0.02497,0.99893,1.00,-0.01391,-0.06342,-0.02639,0.99754,1.00
18960,-5.18286,-0.01346,-0.03649,-0.02493,0.99893,1.00,-0.01391,-0.06342,-0.02634,0.99754,1.00
18974,-5.72126,-0.05074,-0.05050,-0.02758,0.99705,1.00,-0.05079,-0.07746,-0.02996,0.99525,1.00
18988,-6.26213,-0.05074,-0.05050,-0.02750,0.99706,1.00,-0.05080,-0.07745,-0.02988,0.99525,1.00
19001,-6.77272,-0.05097,-0.07424,-0.02950,0.99550,1.00,-0.05082,-0.10095,-0.03180,0.99308,1.00
19015,-7.29371,-0.05098,-0.07423,-0.02939,0.99550,1.00,-0.05083,-0.10095,-0.03168,0.99309,1.00
19029,-7.81748,-0.05015,-0.08810,-0.03036,0.99438,1.00,-0.04989,-0.11464,-0.03259,0.99162,1.00
19043,-8.32105,-0.05016,-0.08810,-0.03022,0.99439,1.00,-0.04991,-0.11463,-0.03245,0.99162,1.00
19057,-8.83318,-0.05018,-0.08808,-0.02997,0.99440,1.00,-0.04994,-0.11462,-0.03221,0.99163,1.00
19071,-9.33180,-0.04788,-0.09637,-0.03018,0.99374,1.00,-0.04759,-0.12279,-0.03232,0.99076,1.00
19085,-9.81966,-0.04790,-0.09636,-0.02997,0.99374,1.00,-0.04762,-0.12278,-0.03211,0.99077,1.00
19099,-10.30452,-0.04610,-0.10894,-0.03096,0.99250,1.00,-0.04572,-0.13516,-0.03300,0.98922,1.00
19113,-10.77677,-0.04608,-0.10894,-0.03110,0.99249,1.00,-0.04570,-0.13517,-0.03315,0.98921,1.00
19127,-11.24776,-0.04420,-0.11586,-0.03132,0.99179,1.00,-0.04380,-0.14197,-0.03329,0.98834,1.00
19141,-11.69867,-0.04421,-0.11586,-0.03120,0.99179,1.00,-0.04381,-0.14197,-0.03317,0.98834,1.00
19155,-12.16495,-0.04423,-0.11585,-0.03107,0.99179,1.00,-0.04383,-0.14196,-0.03305,0.98835,1.00
19169,-12.58684,-0.04211,-0.12382,-0.03137,0.99092,1.00,-0.04169,-0.14979,-0.03327,0.98728,1.00
19183,-13.01252,-0.04212,-0.12381,-0.03125,0.99092,1.00,-0.04170,-0.14978,-0.03316,0.98728,1.00
19197,-13.44223,-0.03839,-0.13443,-0.03153,0.98968,1.00,-0.03796,-0.16020,-0.03330,0.98579,1.00
19211,-13.84214,-0.03841,-0.13443,-0.03138,0.98968,1.00,-0.03799,-0.16019,-0.03314,0.98580,1.00
19225,-14.24344,-0.03842,-0.13442,-0.03134,0.98968,1.00,-0.03800,-0.16019,-0.03310,0.98580,1.00
19238,-14.61588,-0.03857,-0.14459,-0.03207,0.98822,1.00,-0.03807,-0.17016,-0.03377,0.98410,1.00
19252,-14.98705,-0.03857,-0.14459,-0.03208,0.98822,1.00,-0.03807,-0.17016,-0.03378,0.98410,1.00
19266,-15.35742,-0.03905,-0.15781,-0.03310,0.98614,1.00,-0.03845,-0.18311,-0.03475,0.98173,1.00
19280,-15.70376,-0.03906,-0.15781,-0.03302,0.98614,1.00,-0.03847,-0.18311,-0.03466,0.98173,1.00
19294,-16.04539,-0.03862,-0.16676,-0.03356,0.98467,1.00,-0.03799,-0.19186,-0.03515,0.98006,1.00
19308,-16.37432,-0.03861,-0.16676,-0.03362,0.98467,1.00,-0.03798,-0.19186,-0.03520,0.98006,1.00
19323,-16.70591,-0.03860,-0.16676,-0.03372,0.98466,1.00,-0.03796,-0.19186,-0.03531,0.98005,1.00
19339,-17.06234,-0.03807,-0.17825,-0.03441,0.98265,1.00,-0.03738,-0.20308,-0.03593,0.97779,1.00
19350,-17.27841,-0.03808,-0.17825,-0.03439,0.98265,1.00,-0.03739,-0.20308,-0.03590,0.97779,1.00
19364,-17.55239,-0.03273,-0.18831,-0.03398,0.98098,1.00,-0.03213,-0.21286,-0.03533,0.97591,1.00
19378,-17.80906,-0.03273,-0.18831,-0.03397,0.98098,1.00,-0.03213,-0.21286,-0.03531,0.97592,1.00
19392,-18.05816,-0.03274,-0.18830,-0.03391,0.98098,1.00,-0.03214,-0.21286,-0.03525,0.97592,1.00
19405,-18.28623,-0.03310,-0.19506,-0.03434,0.97963,1.00,-0.03245,-0.21944,-0.03566,0.97443,1.00
19419,-18.50355,-0.03310,-0.19506,-0.03433,0.97963,1.00,-0.03246,-0.21944,-0.03565,0.97443,1.00
19433,-18.70911,-0.03562,-0.20468,-0.03549,0.97754,1.00,-0.03485,-0.22881,-0.03681,0.97215,1.00
19447,-18.89783,-0.03561,-0.20468,-0.03550,0.97754,1.00,-0.03485,-0.22881,-0.03683,0.97215,1.00
19461,-19.07316,-0.03657,-0.20953,-0.03610,0.97645,1.00,-0.03575,-0.23352,-0.03742,0.97097,1.00
19475,-19.23639,-0.03657,-0.20953,-0.03611,0.97645,1.00,-0.03575,-0.23352,-0.03743,0.97097,1.00
19490,-19.38743,-0.03657,-0.20953,-0.03611,0.97645,1.00,-0.03575,-0.23352,-0.03743,0.97097,1.00
19503,-19.51155,-0.03661,-0.21217,-0.03625,0.97587,1.00,-0.03578,-0.23609,-0.03756,0.97034,1.00
19517,-19.62516,-0.03661,-0.21217,-0.03625,0.97587,1.00,-0.03578,-0.23609,-0.03756,0.97034,1.00
19531,-19.72676,-0.04026,-0.21646,-0.03732,0.97475,1.00,-0.03930,-0.24027,-0.03867,0.96914,1.00
19545,-19.81006,-0.04027,-0.21646,-0.03727,0.97475,1.00,-0.03931,-0.24027,-0.03861,0.96914,1.00
19559,-19.87920,-0.04027,-0.21646,-0.03727,0.97475,1.00,-0.03931,-0.24027,-0.03861,0.96914,1.00
19572,-19.93140,-0.04042,-0.22167,-0.03757,0.97356,1.00,-0.03943,-0.24533,-0.03890,0.96786,1.00
19587,-19.97016,-0.04044,-0.22166,-0.03751,0.97356,1.00,-0.03945,-0.24532,-0.03884,0.96786,1.00
19601,-19.99297,-0.04047,-0.22511,-0.03776,0.97276,1.00,-0.03946,-0.24867,-0.03907,0.96700,1.00
19614,-19.99999,-0.04047,-0.22511,-0.03778,0.97276,1.00,-0.03945,-0.24867,-0.03910,0.96699,1.00
19628,-19.99167,-0.03978,-0.22888,-0.03787,0.97190,1.00,-0.03876,-0.25233,-0.03915,0.96607,1.00
19642,-19.96818,-0.03976,-0.22888,-0.03795,0.97190,1.00,-0.03874,-0.25233,-0.03922,0.96607,1.00
19657,-19.92660,-0.03972,-0.22889,-0.03813,0.97189,1.00,-0.03869,-0.25234,-0.03940,0.96606,1.00
19670,-19.87329,-0.03641,-0.23287,-0.03769,0.97109,1.00,-0.03546,-0.25618,-0.03888,0.96519,1.00
19684,-19.80359,-0.03642,-0.23287,-0.03766,0.97110,1.00,-0.03547,-0.25618,-0.03884,0.96520,1.00
19698,-19.71695,-0.03644,-0.23299,-0.03748,0.97107,1.00,-0.03551,-0.25630,-0.03868,0.96517,1.00
19712,-19.61787,-0.03646,-0.23299,-0.03741,0.97108,1.00,-0.03553,-0.25630,-0.03861,0.96517,1.00
19726,-19.50145,-0.03647,-0.23299,-0.03736,0.97108,1.00,-0.03554,-0.25629,-0.03857,0.96518,1.00
19740,-19.37137,-0.03653,-0.23291,-0.03746,0.97109,1.00,-0.03559,-0.25622,-0.03866,0.96519,1.00
19754,-19.22309,-0.03653,-0.23291,-0.03746,0.97109,1.00,-0.03559,-0.25622,-0.03866,0.96519,1.00
19768,-19.06124,-0.03930,-0.23349,-0.03818,0.97081,1.00,-0.03827,-0.25679,-0.03942,0.96490,1.00
19782,-18.88688,-0.03933,-0.23349,-0.03806,0.97082,1.00,-0.03831,-0.25679,-0.03929,0.96491,1.00
19796,-18.69374,-0.03954,-0.23282,-0.03797,0.97097,1.00,-0.03851,-0.25614,-0.03920,0.96508,1.00
19809,-18.49165,-0.03955,-0.23282,-0.03792,0.97098,1.00,-0.03853,-0.25614,-0.03915,0.96508,1.00
19824,-18.26595,-0.03954,-0.23282,-0.03795,0.97097,1.00,-0.03852,-0.25614,-0.03918,0.96508,1.00
19837,-18.03717,-0.03971,-0.22999,-0.03789,0.97164,1.00,-0.03870,-0.25340,-0.03913,0.96580,1.00
19851,-17.78677,-0.03971,-0.22999,-0.03789,0.97164,1.00,-0.03870,-0.25340,-0.03913,0.96580,1.00
19865,-17.53152,-0.04233,-0.22908,-0.03837,0.97173,1.00,-0.04124,-0.25253,-0.03967,0.96590,1.00
19879,-17.26162,-0.04237,-0.22908,-0.03819,0.97174,1.00,-0.04129,-0.25252,-0.03949,0.96590,1.00
19893,-16.97129,-0.04236,-0.22908,-0.03822,0.97173,1.00,-0.04128,-0.25252,-0.03952,0.96590,1.00
19906,-16.67315,-0.04218,-0.21958,-0.03784,0.97395,1.00,-0.04115,-0.24330,-0.03919,0.96828,1.00
19921,-16.35233,-0.04211,-0.21959,-0.03815,0.97394,1.00,-0.04107,-0.24332,-0.03951,0.96827,1.00
19935,-16.02573,-0.04011,-0.21298,-0.03720,0.97552,1.00,-0.03917,-0.23688,-0.03855,0.96998,1.00
19948,-15.69018,-0.04012,-0.21297,-0.03713,0.97553,1.00,-0.03918,-0.23688,-0.03849,0.96999,1.00
19962,-15.33372,-0.03999,-0.21017,-0.03686,0.97615,1.00,-0.03907,-0.23415,-0.03824,0.97066,1.00
19976,-14.97526,-0.03998,-0.21017,-0.03691,0.97615,1.00,-0.03906,-0.23415,-0.03829,0.97066,1.00
19990,-14.59424,-0.03997,-0.21017,-0.03695,0.97615,1.00,-0.03905,-0.23415,-0.03834,0.97066,1.00
20004,-14.21340,-0.04244,-0.20606,-0.03732,0.97691,1.00,-0.04147,-0.23016,-0.03877,0.97150,1.00
20018,-13.81991,-0.04243,-0.20606,-0.03736,0.97690,1.00,-0.04146,-0.23016,-0.03881,0.97149,1.00
20032,-13.41202,-0.04212,-0.19722,-0.03670,0.97877,1.00,-0.04121,-0.22155,-0.03819,0.97353,1.00
20046,-12.99604,-0.04211,-0.19722,-0.03672,0.97877,1.00,-0.04121,-0.22155,-0.03821,0.97353,1.00
20060,-12.56101,-0.04047,-0.19241,-0.03610,0.97981,1.00,-0.03964,-0.21686,-0.03758,0.97467,1.00
20074,-12.12819,-0.04046,-0.19241,-0.03612,0.97981,1.00,-0.03964,-0.21686,-0.03759,0.97467,1.00
20088,-11.66328,-0.04045,-0.19242,-0.03619,0.97981,1.00,-0.03962,-0.21686,-0.03766,0.97467,1.00
20102,-11.21700,-0.03774,-0.18492,-0.03520,0.98140,1.00,-0.03702,-0.20955,-0.03666,0.97641,1.00
20116,-10.75224,-0.03774,-0.18492,-0.03519,0.98140,1.00,-0.03703,-0.20955,-0.03665,0.97641,1.00
20130,-10.27381,-0.03759,-0.17732,-0.03463,0.98283,1.00,-0.03693,-0.20212,-0.03611,0.97800,1.00
20143,-9.79757,-0.03760,-0.17731,-0.03454,0.98283,1.00,-0.03695,-0.20212,-0.03603,0.97800,1.00
20158,-9.28722,-0.03762,-0.17731,-0.03447,0.98283,1.00,-0.03697,-0.20212,-0.03594,0.97800,1.00
20172,-8.79960,-0.04019,-0.16414,-0.03391,0.98503,1.00,-0.03956,-0.18927,-0.03549,0.98049,1.00
20185,-8.30521,-0.04019,-0.16414,-0.03393,0.98503,1.00,-0.03956,-0.18927,-0.03551,0.98049,1.00
20199,-7.79680,-0.04018,-0.15159,-0.03317,0.98707,1.00,-0.03962,-0.17699,-0.03480,0.98280,1.00
20213,-7.28864,-0.04016,-0.15159,-0.03326,0.98707,1.00,-0.03960,-0.17699,-0.03489,0.98280,1.00
20227,-6.76264,-0.03752,-0.14090,-0.03231,0.98878,1.00,-0.03708,-0.16650,-0.03392,0.98476,1.00
20241,-6.24225,-0.03750,-0.14090,-0.03244,0.98878,1.00,-0.03706,-0.16651,-0.03405,0.98475,1.00
20255,-5.69798,-0.03748,-0.14091,-0.03261,0.98878,1.00,-0.03703,-0.16652,-0.03421,0.98475,1.00
20269,-5.16404,-0.03672,-0.13149,-0.03193,0.99012,1.00,-0.03635,-0.15727,-0.03357,0.98632,1.00
20282,-4.63332,-0.03670,-0.13150,-0.03206,0.99012,1.00,-0.03633,-0.15728,-0.03369,0.98631,1.00
20296,-4.08749,-0.03645,-0.11704,-0.03120,0.99197,1.00,-0.03618,-0.14307,-0.03288,0.98850,1.00
20310,-3.54236,-0.03643,-0.11704,-0.03134,0.99196,1.00,-0.03616,-0.14308,-0.03301,0.98850,1.00
20324,-2.98175,-0.03641,-0.11705,-0.03149,0.99196,1.00,-0.03614,-0.14308,-0.03315,0.98849,1.00
20338,-2.44388,-0.04154,-0.10040,-0.03106,0.99359,1.00,-0.04130,-0.12672,-0.03292,0.99053,1.00
20352,-1.89213,-0.04152,-0.10041,-0.03121,0.99359,1.00,-0.04128,-0.12672,-0.03307,0.99053,1.00
20366,-1.31274,-0.04468,-0.09092,-0.03091,0.99438,1.00,-0.04447,-0.11738,-0.03289,0.99155,1.00
20380,-0.77653,-0.04466,-0.09093,-0.03113,0.99437,1.00,-0.04445,-0.11739,-0.03311,0.99154,1.00
20394,-0.22221,-0.04560,-0.07701,-0.03040,0.99552,1.00,-0.04548,-0.10364,-0.03245,0.99304,1.00
20408,0.33830,-0.04558,-0.07702,-0.03062,0.99552,1.00,-0.04546,-0.10365,-0.03266,0.99304,1.00
20422,0.91348,-0.04556,-0.07702,-0.03081,0.99551,1.00,-0.04544,-0.10366,-0.03285,0.99303,1.00
20436,1.46158,-0.04577,-0.06029,-0.02988,0.99668,1.00,-0.04578,-0.08710,-0.03198,0.99463,1.00
20450,2.00509,-0.04576,-0.06029,-0.03007,0.99668,1.00,-0.04576,-0.08711,-0.03218,0.99463,1.00
20463,2.55967,-0.04921,-0.04445,-0.02904,0.99738,1.00,-0.04933,-0.07142,-0.03129,0.99573,1.00
20478,3.11896,-0.04921,-0.04445,-0.02903,0.99738,1.00,-0.04933,-0.07142,-0.03128,0.99573,1.00
20492,3.67538,-0.04921,-0.04445,-0.02902,0.99738,1.00,-0.04933,-0.07142,-0.03127,0.99573,1.00
20505,4.20479,-0.05354,-0.03345,-0.02831,0.99760,1.00,-0.05373,-0.06051,-0.03071,0.99625,1.00
20519,4.75152,-0.05353,-0.03345,-0.02835,0.99760,1.00,-0.05373,-0.06052,-0.03075,0.99625,1.00
20533,5.29656,-0.05313,-0.01980,-0.02721,0.99802,1.00,-0.05345,-0.04694,-0.02963,0.99703,1.00
20547,5.82398,-0.05313,-0.01980,-0.02722,0.99802,1.00,-0.05345,-0.04694,-0.02964,0.99703,1.00
20561,6.36148,-0.05222,-0.00585,-0.02605,0.99828,1.00,-0.05267,-0.03304,-0.02846,0.99766,1.00
20575,6.88418,-0.05222,-0.00585,-0.02616,0.99828,1.00,-0.05267,-0.03305,-0.02855,0.99766,1.00
20589,7.41923,-0.05222,-0.00586,-0.02626,0.99827,1.00,-0.05267,-0.03305,-0.02865,0.99765,1.00
20603,7.91914,-0.05206,0.01234,-0.02474,0.99826,1.00,-0.05268,-0.01489,-0.02716,0.99813,1.00
20617,8.42390,-0.05207,0.01233,-0.02494,0.99826,1.00,-0.05268,-0.01490,-0.02736,0.99813,1.00
20631,8.93184,-0.05529,0.02910,-0.02339,0.99777,1.00,-0.05606,0.00186,-0.02592,0.99809,1.00
20645,9.42529,-0.05529,0.02910,-0.02344,0.99777,1.00,-0.05606,0.00185,-0.02596,0.99809,1.00
20659,9.91863,-0.05529,0.02909,-0.02355,0.99777,1.00,-0.05606,0.00185,-0.02606,0.99809,1.00
20672,10.39033,-0.05726,0.04392,-0.02216,0.99715,1.00,-0.05818,0.01670,-0.02474,0.99786,1.00
20686,10.86367,-0.05728,0.04390,-0.02252,0.99714,1.00,-0.05819,0.01668,-0.02510,0.99785,1.00
20700,11.32833,-0.05706,0.05833,-0.02142,0.99643,1.00,-0.05812,0.03117,-0.02401,0.99753,1.00
20714,11.77899,-0.05707,0.05833,-0.02155,0.99643,1.00,-0.05812,0.03116,-0.02414,0.99753,1.00
20728,12.22519,-0.05549,0.06825,-0.02062,0.99591,1.00,-0.05664,0.04116,-0.02318,0.99728,1.00
20742,12.65628,-0.05549,0.06825,-0.02073,0.99591,1.00,-0.05665,0.04115,-0.02328,0.99727,1.00
20757,13.10528,-0.05550,0.06824,-0.02086,0.99591,1.00,-0.05665,0.04114,-0.02341,0.99727,1.00
20770,13.50821,-0.05310,0.08383,-0.01970,0.99487,1.00,-0.05439,0.05685,-0.02218,0.99665,1.00
20784,13.90475,-0.05310,0.08382,-0.01980,0.99487,1.00,-0.05439,0.05685,-0.02228,0.99665,1.00
20798,14.30139,-0.05094,0.09685,-0.01888,0.99382,1.00,-0.05234,0.07001,-0.02130,0.99595,1.00
20812,14.68715,-0.05095,0.09684,-0.01903,0.99381,1.00,-0.05235,0.07000,-0.02144,0.99594,1.00
20825,15.05251,-0.05098,0.09683,-0.01929,0.99381,1.00,-0.05237,0.06998,-0.02171,0.99594,1.00
20839,15.40946,-0.05071,0.10488,-0.01884,0.99301,1.00,-0.05218,0.07813,-0.02124,0.99535,1.00
20853,15.76205,-0.05073,0.10487,-0.01903,0.99301,1.00,-0.05219,0.07812,-0.02143,0.99535,1.00
20867,16.10302,-0.04859,0.11460,-0.01857,0.99205,1.00,-0.05012,0.08797,-0.02091,0.99464,1.00
20881,16.43043,-0.04860,0.11460,-0.01866,0.99205,1.00,-0.05013,0.08797,-0.02099,0.99464,1.00
20895,16.74254,-0.04823,0.12576,-0.01785,0.99073,1.00,-0.04987,0.09927,-0.02016,0.99361,1.00
20909,17.04030,-0.04825,0.12575,-0.01799,0.99072,1.00,-0.04988,0.09927,-0.02030,0.99360,1.00
20924,17.33376,-0.04827,0.12575,-0.01819,0.99072,1.00,-0.04990,0.09926,-0.02050,0.99360,1.00
20937,17.59418,-0.04635,0.13557,-0.01764,0.98953,1.00,-0.04805,0.10923,-0.01988,0.99266,1.00
20951,17.85120,-0.04635,0.13557,-0.01766,0.98953,1.00,-0.04805,0.10923,-0.01990,0.99265,1.00
20965,18.09539,-0.04806,0.14879,-0.01619,0.98757,1.00,-0.04992,0.12265,-0.01845,0.99102,1.00
20979,18.32851,-0.04807,0.14879,-0.01626,0.98757,1.00,-0.04993,0.12264,-0.01852,0.99102,1.00
20992,18.53966,-0.04809,0.14878,-0.01635,0.98756,1.00,-0.04994,0.12264,-0.01862,0.99102,1.00
21006,18.73715,-0.04397,0.16083,-0.01587,0.98587,1.00,-0.04586,0.13492,-0.01801,0.98963,1.00
21020,18.92403,-0.04397,0.16083,-0.01586,0.98587,1.00,-0.04586,0.13492,-0.01800,0.98963,1.00
21034,19.09589,-0.00616,0.16027,-0.02200,0.98681,1.00,-0.00736,0.13447,-0.02321,0.99062,1.00
21048,19.25252,-0.00616,0.16027,-0.02200,0.98681,1.00,-0.00736,0.13447,-0.02322,0.99062,1.00
21062,19.39731,-0.00548,0.16975,-0.02154,0.98524,1.00,-0.00671,0.14414,-0.02275,0.98927,1.00
21075,19.52436,-0.00548,0.16975,-0.02152,0.98524,1.00,-0.00670,0.14414,-0.02273,0.98927,1.00
21090,19.64062,-0.00547,0.16975,-0.02144,0.98524,1.00,-0.00669,0.14414,-0.02265,0.98928,1.00
21103,19.73477,-0.02032,0.17002,-0.01878,0.98505,1.00,-0.02185,0.14437,-0.02035,0.98907,1.00
21117,19.81747,-0.02031,0.17002,-0.01874,0.98505,1.00,-0.02184,0.14437,-0.02030,0.98907,1.00
21131,19.88447,-0.05046,0.17131,-0.01338,0.98383,1.00,-0.05259,0.14556,-0.01567,0.98783,1.00
21145,19.93622,-0.05045,0.17131,-0.01331,0.98383,1.00,-0.05258,0.14556,-0.01561,0.98783,1.00
21159,19.97267,-0.05043,0.17132,-0.01319,0.98384,1.00,-0.05257,0.14557,-0.01549,0.98783,1.00
21172,19.99389,-0.05276,0.17303,-0.01248,0.98342,1.00,-0.05496,0.14730,-0.01484,0.98745,1.00
21187,19.99985,-0.05274,0.17304,-0.01238,0.98342,1.00,-0.05494,0.14731,-0.01474,0.98745,1.00
21201,19.98989,-0.05047,0.17074,-0.01302,0.98394,1.00,-0.05260,0.14497,-0.01534,0.98792,1.00
21214,19.96506,-0.05048,0.17074,-0.01309,0.98394,1.00,-0.05261,0.14497,-0.01540,0.98792,1.00
21228,19.92409,-0.05030,0.17185,-0.01305,0.98375,1.00,-0.05242,0.14611,-0.01536,0.98776,1.00
21242,19.86804,-0.05031,0.17185,-0.01308,0.98375,1.00,-0.05243,0.14611,-0.01540,0.98776,1.00
21257,19.79362,-0.05031,0.17185,-0.01310,0.98375,1.00,-0.05244,0.14611,-0.01543,0.98776,1.00
21270,19.70741,-0.05018,0.17177,-0.01296,0.98377,1.00,-0.05231,0.14602,-0.01531,0.98778,1.00
21284,19.60620,-0.05014,0.17178,-0.01278,0.98378,1.00,-0.05228,0.14603,-0.01512,0.98778,1.00
21298,19.48876,-0.05041,0.17553,-0.01221,0.98311,1.00,-0.05260,0.14986,-0.01455,0.98720,1.00
21312,19.35744,-0.05040,0.17553,-0.01213,0.98311,1.00,-0.05258,0.14986,-0.01448,0.98720,1.00
21326,19.20953,-0.05039,0.17553,-0.01211,0.98311,1.00,-0.05258,0.14987,-0.01446,0.98720,1.00
21340,19.04863,-0.05003,0.17736,-0.01200,0.98280,1.00,-0.05222,0.15174,-0.01434,0.98694,1.00
21354,18.86774,-0.05003,0.17736,-0.01201,0.98280,1.00,-0.05222,0.15174,-0.01435,0.98694,1.00
21368,18.67735,-0.04965,0.18173,-0.01162,0.98202,1.00,-0.05187,0.15621,-0.01393,0.98626,1.00
21381,18.47114,-0.04965,0.18173,-0.01162,0.98202,1.00,-0.05187,0.15621,-0.01392,0.98626,1.00
21396,18.24822,-0.05013,0.18301,-0.01147,0.98177,1.00,-0.05237,0.15751,-0.01377,0.98603,1.00
21409,18.01588,-0.05013,0.18301,-0.01144,0.98177,1.00,-0.05236,0.15751,-0.01375,0.98603,1.00
21424,17.76041,-0.05011,0.18301,-0.01137,0.98177,1.00,-0.05235,0.15751,-0.01368,0.98603,1.00
21437,17.50014,-0.05064,0.18286,-0.01118,0.98177,1.00,-0.05289,0.15735,-0.01351,0.98603,1.00
21451,17.22427,-0.05058,0.18287,-0.01090,0.98177,1.00,-0.05285,0.15737,-0.01325,0.98604,1.00
21465,16.93700,-0.05100,0.17958,-0.01111,0.98236,1.00,-0.05324,0.15400,-0.01348,0.98654,1.00
21479,16.63511,-0.05098,0.17958,-0.01099,0.98236,1.00,-0.05323,0.15401,-0.01336,0.98654,1.00
21493,16.31630,-0.05135,0.17400,-0.01156,0.98334,1.00,-0.05354,0.14831,-0.01396,0.98739,1.00
21507,15.99347,-0.05135,0.17400,-0.01158,0.98334,1.00,-0.05354,0.14831,-0.01399,0.98739,1.00
21521,15.64383,-0.05133,0.17401,-0.01144,0.98334,1.00,-0.05352,0.14832,-0.01386,0.98739,1.00
21535,15.29848,-0.05137,0.16592,-0.01205,0.98473,1.00,-0.05349,0.14007,-0.01449,0.98859,1.00
21548,14.93710,-0.05134,0.16593,-0.01188,0.98473,1.00,-0.05347,0.14008,-0.01432,0.98859,1.00
21562,14.56330,-0.04954,0.15834,-0.01286,0.98606,1.00,-0.05157,0.13236,-0.01528,0.98974,1.00
21576,14.17791,-0.04953,0.15835,-0.01275,0.98606,1.00,-0.05155,0.13237,-0.01517,0.98974,1.00
21591,13.76465,-0.04951,0.15835,-0.01263,0.98606,1.00,-0.05153,0.13237,-0.01505,0.98975,1.00
21604,13.36785,-0.04964,0.15058,-0.01342,0.98726,1.00,-0.05159,0.12447,-0.01586,0.99075,1.00
21618,12.95358,-0.04964,0.15058,-0.01341,0.98726,1.00,-0.05159,0.12447,-0.01586,0.99076,1.00
21632,12.51706,-0.05000,0.14529,-0.01402,0.98803,1.00,-0.05189,0.11909,-0.01649,0.99139,1.00
21646,12.08360,-0.05000,0.14529,-0.01404,0.98802,1.00,-0.05189,0.11909,-0.01650,0.99139,1.00
21660,11.62480,-0.05115,0.13636,-0.01480,0.98923,1.00,-0.05298,0.11002,-0.01730,0.99237,1.00
21674,11.16975,-0.05115,0.13636,-0.01481,0.98923,1.00,-0.05298,0.11002,-0.01730,0.99237,1.00
21688,10.69626,-0.05115,0.13636,-0.01477,0.98923,1.00,-0.05297,0.11002,-0.01727,0.99237,1.00
21702,10.23049,-0.05224,0.12782,-0.01534,0.99030,1.00,-0.05401,0.10136,-0.01787,0.99322,1.00
21716,9.74562,-0.05223,0.12783,-0.01523,0.99030,1.00,-0.05400,0.10136,-0.01776,0.99322,1.00
21729,9.25961,-0.05281,0.11870,-0.01607,0.99139,1.00,-0.05450,0.09211,-0.01863,0.99408,1.00
21743,8.76263,-0.05279,0.11871,-0.01592,0.99140,1.00,-0.05449,0.09212,-0.01848,0.99408,1.00
21758,8.24413,-0.05278,0.11871,-0.01581,0.99140,1.00,-0.05448,0.09212,-0.01836,0.99409,1.00
21772,7.73378,-0.05385,0.10924,-0.01672,0.99241,1.00,-0.05546,0.08253,-0.01931,0.99486,1.00
21785,7.23445,-0.05386,0.10924,-0.01674,0.99241,1.00,-0.05546,0.08253,-0.01932,0.99486,1.00
21799,6.71319,-0.05451,0.09606,-0.01813,0.99372,1.00,-0.05598,0.06920,-0.02074,0.99581,1.00
21813,6.18929,-0.05452,0.09606,-0.01821,0.99371,1.00,-0.05599,0.06920,-0.02083,0.99581,1.00
21827,5.64923,-0.05724,0.08450,-0.01918,0.99459,1.00,-0.05863,0.05751,-0.02189,0.99638,1.00
21841,5.11660,-0.05725,0.08450,-0.01920,0.99459,1.00,-0.05863,0.05751,-0.02193,0.99638,1.00
21855,4.55414,-0.05724,0.08451,-0.01912,0.99459,1.00,-0.05863,0.05752,-0.02185,0.99638,1.00
21869,4.02792,-0.05981,0.04700,-0.02278,0.99684,1.00,-0.06083,0.01977,-0.02559,0.99762,1.00
21883,3.48390,-0.05981,0.04701,-0.02266,0.99685,1.00,-0.06083,0.01977,-0.02548,0.99763,1.00
21896,2.93811,-0.05988,0.03453,-0.02386,0.99732,1.00,-0.06078,0.00726,-0.02667,0.99777,1.00
21910,2.39046,-0.05987,0.03453,-0.02372,0.99733,1.00,-0.06078,0.00727,-0.02653,0.99777,1.00
21924,1.83080,-0.05986,0.03455,-0.02354,0.99733,1.00,-0.06077,0.00728,-0.02635,0.99778,1.00
21938,1.28058,-0.05658,0.01860,-0.02516,0.99791,1.00,-0.05732,-0.00866,-0.02786,0.99793,1.00
21952,0.72618,-0.05657,0.01862,-0.02486,0.99792,1.00,-0.05733,-0.00864,-0.02756,0.99794,1.00
21966,0.16268,-0.05398,0.00374,-0.02608,0.99819,1.00,-0.05458,-0.02350,-0.02869,0.99782,1.00
21980,-0.39485,-0.05398,0.00376,-0.02575,0.99820,1.00,-0.05459,-0.02348,-0.02837,0.99783,1.00
21994,-0.94780,-0.05338,-0.00743,-0.02660,0.99819,1.00,-0.05388,-0.03463,-0.02919,0.99752,1.00
22008,-1.49684,-0.05339,-0.00742,-0.02648,0.99820,1.00,-0.05389,-0.03462,-0.02906,0.99752,1.00
22022,-2.06667,-0.05339,-0.00742,-0.02641,0.99820,1.00,-0.05389,-0.03462,-0.02897,0.99753,1.00
22036,-2.62173,-0.05356,-0.02122,-0.02767,0.99796,1.00,-0.05392,-0.04837,-0.03021,0.99692,1.00
22049,-3.16246,-0.05355,-0.02123,-0.02782,0.99795,1.00,-0.05391,-0.04838,-0.03035,0.99691,1.00
22063,-3.71020,-0.05303,-0.03624,-0.02926,0.99751,1.00,-0.05324,-0.06330,-0.03175,0.99607,1.00
22077,-4.25575,-0.05303,-0.03623,-0.02911,0.99751,1.00,-0.05325,-0.06329,-0.03162,0.99607,1.00
22091,-4.80273,-0.05304,-0.03622,-0.02897,0.99751,1.00,-0.05326,-0.06328,-0.03149,0.99608,1.00
22105,-5.33925,-0.05131,-0.05012,-0.02997,0.99697,1.00,-0.05143,-0.07707,-0.03241,0.99517,1.00
22119,-5.87304,-0.05132,-0.05011,-0.02989,0.99698,1.00,-0.05144,-0.07707,-0.03234,0.99517,1.00
22133,-6.40178,-0.05118,-0.06427,-0.03107,0.99614,1.00,-0.05117,-0.09110,-0.03347,0.99396,1.00
22147,-6.92680,-0.05119,-0.06426,-0.03090,0.99614,1.00,-0.05119,-0.09109,-0.03329,0.99397,1.00
22161,-7.44107,-0.04778,-0.08166,-0.03203,0.99500,1.00,-0.04768,-0.10830,-0.03426,0.99238,1.00
22175,-7.95789,-0.04778,-0.08166,-0.03201,0.99500,1.00,-0.04769,-0.10830,-0.03423,0.99238,1.00
22189,-8.48332,-0.04779,-0.08166,-0.03194,0.99500,1.00,-0.04769,-0.10829,-0.03415,0.99239,1.00
22203,-8.96612,-0.04206,-0.09431,-0.03249,0.99412,1.00,-0.04194,-0.12077,-0.03451,0.99119,1.00
22216,-9.45625,-0.04206,-0.09431,-0.03245,0.99412,1.00,-0.04194,-0.12077,-0.03448,0.99119,1.00
22230,-9.94414,-0.04374,-0.10669,-0.03366,0.99276,1.00,-0.04351,-0.13300,-0.03569,0.98952,1.00
22244,-10.42625,-0.04374,-0.10669,-0.03364,0.99276,1.00,-0.04351,-0.13300,-0.03567,0.98952,1.00
22258,-10.90037,-0.04374,-0.10669,-0.03359,0.99276,1.00,-0.04351,-0.13300,-0.03563,0.98952,1.00
22272,-11.35663,-0.04278,-0.12186,-0.03447,0.99103,1.00,-0.04246,-0.14794,-0.03641,0.98741,1.00
22286,-11.80957,-0.04280,-0.12185,-0.03426,0.99103,1.00,-0.04250,-0.14793,-0.03619,0.98742,1.00
22300,-12.25990,-0.04275,-0.13284,-0.03522,0.98959,1.00,-0.04237,-0.15875,-0.03711,0.98571,1.00
22314,-12.69165,-0.04275,-0.13284,-0.03521,0.98959,1.00,-0.04237,-0.15875,-0.03712,0.98571,1.00
22328,-13.11573,-0.03824,-0.14176,-0.03525,0.98853,1.00,-0.03788,-0.16750,-0.03701,0.98445,1.00
22341,-13.52622,-0.03825,-0.14176,-0.03518,0.98854,1.00,-0.03789,-0.16750,-0.03695,0.98445,1.00
22356,-13.94721,-0.03825,-0.14176,-0.03515,0.98854,1.00,-0.03790,-0.16750,-0.03692,0.98445,1.00
22370,-14.33066,-0.03693,-0.15025,-0.03548,0.98732,1.00,-0.03654,-0.17584,-0.03718,0.98304,1.00
22383,-14.71045,-0.03693,-0.15025,-0.03542,0.98732,1.00,-0.03655,-0.17584,-0.03713,0.98304,1.00
22397,-15.08403,-0.03713,-0.16420,-0.03642,0.98505,1.00,-0.03665,-0.18951,-0.03807,0.98046,1.00
22411,-15.44269,-0.03715,-0.16420,-0.03631,0.98506,1.00,-0.03667,-0.18950,-0.03796,0.98046,1.00
22425,-15.79184,-0.03715,-0.16420,-0.03628,0.98506,1.00,-0.03668,-0.18950,-0.03794,0.98046,1.00
22439,-16.12797,-0.03720,-0.17344,-0.03680,0.98345,1.00,-0.03667,-0.19854,-0.03840,0.97865,1.00
22453,-16.45165,-0.03720,-0.17344,-0.03680,0.98345,1.00,-0.03667,-0.19854,-0.03839,0.97865,1.00
22467,-16.76385,-0.03776,-0.18276,-0.03760,0.98171,1.00,-0.03715,-0.20764,-0.03915,0.97671,1.00
22481,-17.06638,-0.03773,-0.18277,-0.03774,0.98171,1.00,-0.03712,-0.20765,-0.03929,0.97671,1.00
22495,-17.34981,-0.03771,-0.18277,-0.03787,0.98170,1.00,-0.03710,-0.20765,-0.03941,0.97670,1.00
22509,-17.61566,-0.03801,-0.18664,-0.03823,0.98095,1.00,-0.03737,-0.21143,-0.03976,0.97587,1.00
22523,-17.88084,-0.03800,-0.18665,-0.03829,0.98095,1.00,-0.03736,-0.21143,-0.03981,0.97587,1.00
22537,-18.11753,-0.03839,-0.19637,-0.03899,0.97900,1.00,-0.03768,-0.22091,-0.04047,0.97373,1.00
22551,-18.34460,-0.03840,-0.19637,-0.03895,0.97900,1.00,-0.03769,-0.22091,-0.04043,0.97373,1.00
22565,-18.56245,-0.03918,-0.20363,-0.03953,0.97746,1.00,-0.03841,-0.22797,-0.04100,0.97205,1.00
22578,-18.75891,-0.03918,-0.20363,-0.03952,0.97746,1.00,-0.03842,-0.22797,-0.04097,0.97205,1.00
22592,-18.94339,-0.03918,-0.20363,-0.03949,0.97747,1.00,-0.03843,-0.22797,-0.04094,0.97205,1.00
22606,-19.11270,-0.03986,-0.20377,-0.03967,0.97740,1.00,-0.03909,-0.22810,-0.04113,0.97198,1.00
22620,-19.27007,-0.03986,-0.20377,-0.03967,0.97740,1.00,-0.03909,-0.22810,-0.04114,0.97198,1.00
22634,-19.41367,-0.04041,-0.20908,-0.04022,0.97623,1.00,-0.03958,-0.23326,-0.04167,0.97071,1.00
22648,-19.53918,-0.04039,-0.20909,-0.04031,0.97623,1.00,-0.03956,-0.23327,-0.04176,0.97071,1.00
22662,-19.65077,-0.04328,-0.21537,-0.04147,0.97469,1.00,-0.04233,-0.23939,-0.04294,0.96905,1.00
22676,-19.74639,-0.04328,-0.21537,-0.04148,0.97469,1.00,-0.04233,-0.23939,-0.04295,0.96905,1.00
22690,-19.83052,-0.04329,-0.21537,-0.04143,0.97469,1.00,-0.04234,-0.23938,-0.04290,0.96905,1.00
22704,-19.89266,-0.04553,-0.21671,-0.04199,0.97427,1.00,-0.04451,-0.24069,-0.04349,0.96860,1.00
22717,-19.94210,-0.04554,-0.21671,-0.04193,0.97427,1.00,-0.04452,-0.24069,-0.04344,0.96861,1.00
22732,-19.97764,-0.04558,-0.22006,-0.04219,0.97351,1.00,-0.04454,-0.24394,-0.04367,0.96778,1.00
22745,-19.99595,-0.04559,-0.22006,-0.04212,0.97351,1.00,-0.04455,-0.24394,-0.04361,0.96778,1.00
22759,-19.99939,-0.04561,-0.22005,-0.04201,0.97352,1.00,-0.04458,-0.24394,-0.04350,0.96779,1.00
22773,-19.98742,-0.04007,-0.22981,-0.04124,0.97154,1.00,-0.03914,-0.25338,-0.04257,0.96564,1.00
22787,-19.95942,-0.04010,-0.22980,-0.04112,0.97154,1.00,-0.03917,-0.25337,-0.04245,0.96564,1.00
22801,-19.91623,-0.03963,-0.23472,-0.04130,0.97038,1.00,-0.03867,-0.25814,-0.04260,0.96439,1.00
22815,-19.85871,-0.03962,-0.23473,-0.04135,0.97037,1.00,-0.03866,-0.25814,-0.04264,0.96439,1.00
22829,-19.78543,-0.04010,-0.23471,-0.04152,0.97035,1.00,-0.03912,-0.25812,-0.04280,0.96437,1.00
22843,-19.69708,-0.04010,-0.23471,-0.04151,0.97035,1.00,-0.03913,-0.25812,-0.04279,0.96437,1.00
22857,-19.58933,-0.04006,-0.23472,-0.04168,0.97034,1.00,-0.03908,-0.25813,-0.04296,0.96436,1.00
22871,-19.47260,-0.04010,-0.23449,-0.04171,0.97040,1.00,-0.03912,-0.25791,-0.04299,0.96442,1.00
22885,-19.33491,-0.04010,-0.23449,-0.04168,0.97040,1.00,-0.03913,-0.25791,-0.04296,0.96442,1.00
22899,-19.18604,-0.04019,-0.23353,-0.04147,0.97063,1.00,-0.03922,-0.25697,-0.04276,0.96468,1.00
22912,-19.02462,-0.04021,-0.23353,-0.04139,0.97064,1.00,-0.03924,-0.25697,-0.04268,0.96468,1.00
22926,-18.84490,-0.04022,-0.23352,-0.04132,0.97064,1.00,-0.03926,-0.25696,-0.04262,0.96468,1.00
22940,-18.65386,-0.03936,-0.23330,-0.04115,0.97074,1.00,-0.03842,-0.25674,-0.04242,0.96478,1.00
22954,-18.44531,-0.03937,-0.23330,-0.04112,0.97074,1.00,-0.03843,-0.25674,-0.04239,0.96479,1.00
22968,-18.22041,-0.00806,-0.23326,-0.03349,0.97181,1.00,-0.00807,-0.25662,-0.03419,0.96587,1.00
22982,-17.98374,-0.00810,-0.23326,-0.03329,0.97181,1.00,-0.00813,-0.25662,-0.03399,0.96588,1.00
22996,-17.73176,-0.00728,-0.19106,-0.03182,0.98103,1.00,-0.00741,-0.21560,-0.03262,0.97591,1.00
23010,-17.46938,-0.00727,-0.19107,-0.03185,0.98103,1.00,-0.00741,-0.21560,-0.03265,0.97591,1.00
23024,-17.18071,-0.00727,-0.19107,-0.03187,0.98103,1.00,-0.00740,-0.21560,-0.03266,0.97591,1.00
23038,-16.88877,-0.00819,-0.19088,-0.03222,0.98105,1.00,-0.00831,-0.21541,-0.03303,0.97593,1.00
23051,-16.59846,-0.00819,-0.19088,-0.03223,0.98105,1.00,-0.00830,-0.21541,-0.03304,0.97593,1.00
23065,-16.28725,-0.03369,-0.20512,-0.03815,0.97741,1.00,-0.03308,-0.22934,-0.03942,0.97199,1.00
23079,-15.96221,-0.03373,-0.20512,-0.03798,0.97742,1.00,-0.03312,-0.22933,-0.03924,0.97199,1.00
23093,-15.61306,-0.03376,-0.20511,-0.03780,0.97743,1.00,-0.03317,-0.22932,-0.03906,0.97200,1.00
23107,-15.24936,-0.03383,-0.20478,-0.03794,0.97749,1.00,-0.03324,-0.22900,-0.03919,0.97207,1.00
23121,-14.87737,-0.03382,-0.20479,-0.03800,0.97748,1.00,-0.03322,-0.22900,-0.03925,0.97207,1.00
23135,-14.50553,-0.03320,-0.19917,-0.03752,0.97868,1.00,-0.03264,-0.22353,-0.03879,0.97338,1.00
23149,-14.12484,-0.03320,-0.19917,-0.03749,0.97868,1.00,-0.03265,-0.22353,-0.03875,0.97338,1.00
23163,-13.72617,-0.03321,-0.19324,-0.03715,0.97989,1.00,-0.03269,-0.21775,-0.03843,0.97470,1.00
23177,-13.31856,-0.03322,-0.19324,-0.03709,0.97989,1.00,-0.03271,-0.21775,-0.03838,0.97470,1.00
23191,-12.88448,-0.03322,-0.19324,-0.03708,0.97989,1.00,-0.03271,-0.21775,-0.03837,0.97470,1.00
23205,-12.46121,-0.03336,-0.18869,-0.03681,0.98078,1.00,-0.03286,-0.21332,-0.03812,0.97569,1.00
23218,-12.02300,-0.03336,-0.18868,-0.03677,0.98078,1.00,-0.03287,-0.21331,-0.03809,0.97569,1.00
23232,-11.57320,-0.03382,-0.17922,-0.03631,0.98256,1.00,-0.03336,-0.20408,-0.03768,0.97766,1.00
23246,-11.11892,-0.03381,-0.17922,-0.03637,0.98256,1.00,-0.03335,-0.20409,-0.03773,0.97766,1.00
23260,-10.64449,-0.04171,-0.16961,-0.03724,0.98392,1.00,-0.04112,-0.19473,-0.03882,0.97923,1.00
23274,-10.17055,-0.04169,-0.16962,-0.03734,0.98392,1.00,-0.04110,-0.19474,-0.03892,0.97922,1.00
23288,-9.67450,-0.04168,-0.16962,-0.03739,0.98392,1.00,-0.04109,-0.19474,-0.03897,0.97922,1.00
23302,-9.18485,-0.04149,-0.15843,-0.03658,0.98582,1.00,-0.04098,-0.18380,-0.03821,0.98137,1.00
23316,-8.68840,-0.04148,-0.15843,-0.03664,0.98582,1.00,-0.04097,-0.18380,-0.03827,0.98136,1.00
23330,-8.18087,-0.03805,-0.14683,-0.03524,0.98780,1.00,-0.03768,-0.17242,-0.03686,0.98361,1.00
23344,-7.67863,-0.03803,-0.14683,-0.03534,0.98780,1.00,-0.03766,-0.17242,-0.03696,0.98361,1.00
23358,-7.15512,-0.03806,-0.14682,-0.03516,0.98780,1.00,-0.03769,-0.17241,-0.03679,0.98362,1.00
23372,-6.62348,-0.03767,-0.13591,-0.03433,0.98941,1.00,-0.03737,-0.16170,-0.03599,0.98547,1.00
23386,-6.10875,-0.03767,-0.13591,-0.03428,0.98941,1.00,-0.03738,-0.16170,-0.03594,0.98548,1.00
23399,-5.58279,-0.03740,-0.12910,-0.03379,0.99035,1.00,-0.03714,-0.15502,-0.03548,0.98658,1.00
23413,-5.04928,-0.03740,-0.12910,-0.03376,0.99035,1.00,-0.03715,-0.15502,-0.03545,0.98658,1.00
23427,-4.50879,-0.04230,-0.11535,-0.03342,0.99186,1.00,-0.04205,-0.14152,-0.03529,0.98841,1.00
23441,-3.96248,-0.04230,-0.11535,-0.03344,0.99186,1.00,-0.04205,-0.14152,-0.03532,0.98841,1.00
23456,-3.39339,-0.04229,-0.11535,-0.03351,0.99186,1.00,-0.04204,-0.14152,-0.03539,0.98841,1.00
23469,-2.87091,-0.04559,-0.10910,-0.03345,0.99242,1.00,-0.04532,-0.13539,-0.03543,0.98912,1.00
23483,-2.31641,-0.04559,-0.10910,-0.03347,0.99242,1.00,-0.04532,-0.13539,-0.03545,0.98912,1.00
23497,-1.75365,-0.04585,-0.09231,-0.03224,0.99415,1.00,-0.04571,-0.11884,-0.03430,0.99127,1.00
23511,-1.19687,-0.04586,-0.09231,-0.03218,0.99415,1.00,-0.04571,-0.11884,-0.03424,0.99127,1.00
23525,-0.63778,-0.04586,-0.09231,-0.03215,0.99415,1.00,-0.04572,-0.11884,-0.03421,0.99127,1.00
23539,-0.08797,-0.04945,-0.07232,-0.03079,0.99568,1.00,-0.04942,-0.09910,-0.03302,0.99330,1.00
23553,0.47061,-0.04945,-0.07232,-0.03079,0.99568,1.00,-0.04943,-0.09910,-0.03301,0.99330,1.00
23567,1.03134,-0.05188,-0.06195,-0.03017,0.99627,1.00,-0.05191,-0.08885,-0.03249,0.99416,1.00
23580,1.57939,-0.05188,-0.06195,-0.03020,0.99627,1.00,-0.05191,-0.08885,-0.03251,0.99416,1.00
23595,2.14795,-0.05190,-0.04964,-0.02919,0.99699,1.00,-0.05204,-0.07664,-0.03154,0.99520,1.00
23608,2.69389,-0.05191,-0.04964,-0.02913,0.99699,1.00,-0.05204,-0.07664,-0.03148,0.99520,1.00
23623,3.26166,-0.05191,-0.04963,-0.02906,0.99699,1.00,-0.05205,-0.07664,-0.03141,0.99520,1.00
23636,3.79506,-0.05166,-0.03740,-0.02786,0.99758,1.00,-0.05191,-0.06449,-0.03025,0.99611,1.00
23650,4.32924,-0.05166,-0.03741,-0.02789,0.99757,1.00,-0.05191,-0.06449,-0.03027,0.99611,1.00
23664,4.87375,-0.05410,-0.02563,-0.02702,0.99784,1.00,-0.05444,-0.05280,-0.02950,0.99668,1.00
23678,5.40593,-0.05410,-0.02564,-0.02716,0.99784,1.00,-0.05443,-0.05280,-0.02964,0.99668,1.00
23692,5.96824,-0.05409,-0.02565,-0.02736,0.99783,1.00,-0.05442,-0.05282,-0.02984,0.99667,1.00
23706,6.47252,-0.05669,-0.01058,-0.02621,0.99799,1.00,-0.05715,-0.03781,-0.02881,0.99723,1.00
23719,6.98984,-0.05669,-0.01058,-0.02618,0.99799,1.00,-0.05715,-0.03781,-0.02879,0.99723,1.00
23734,7.51964,-0.05649,0.00245,-0.02482,0.99809,1.00,-0.05709,-0.02480,-0.02745,0.99768,1.00
23747,8.02617,-0.05649,0.00246,-0.02468,0.99810,1.00,-0.05710,-0.02480,-0.02732,0.99769,1.00
23762,8.54092,-0.05736,0.01338,-0.02353,0.99799,1.00,-0.05808,-0.01388,-0.02620,0.99787,1.00
23775,9.03924,-0.05736,0.01338,-0.02354,0.99799,1.00,-0.05808,-0.01388,-0.02622,0.99787,1.00
23790,9.56132,-0.05736,0.01338,-0.02353,0.99799,1.00,-0.05808,-0.01388,-0.02619,0.99787,1.00
23804,10.03181,-0.05621,0.04811,-0.02018,0.99705,1.00,-0.05727,0.02095,-0.02285,0.99788,1.00
23817,10.50085,-0.05622,0.04811,-0.02024,0.99705,1.00,-0.05727,0.02095,-0.02290,0.99788,1.00
23831,10.96951,-0.05342,0.06099,-0.01910,0.99653,1.00,-0.05458,0.03392,-0.02168,0.99770,1.00
23845,11.42670,-0.05341,0.06099,-0.01902,0.99653,1.00,-0.05458,0.03393,-0.02160,0.99770,1.00
23859,11.87961,-0.05341,0.06099,-0.01903,0.99653,1.00,-0.05458,0.03393,-0.02161,0.99770,1.00
23873,12.31963,-0.05328,0.06801,-0.01839,0.99609,1.00,-0.05451,0.04100,-0.02098,0.99745,1.00
23887,12.76118,-0.05328,0.06801,-0.01845,0.99609,1.00,-0.05451,0.04100,-0.02104,0.99745,1.00
23901,13.18989,-0.05210,0.07565,-0.01779,0.99561,1.00,-0.05339,0.04871,-0.02034,0.99718,1.00
23915,13.60216,-0.05210,0.07565,-0.01773,0.99561,1.00,-0.05339,0.04871,-0.02028,0.99718,1.00
23929,14.00682,-0.05470,0.08527,-0.01659,0.99472,1.00,-0.05611,0.05841,-0.01919,0.99653,1.00
23943,14.39407,-0.05470,0.08527,-0.01658,0.99472,1.00,-0.05611,0.05841,-0.01918,0.99653,1.00
23957,14.79284,-0.05473,0.08524,-0.01700,0.99471,1.00,-0.05613,0.05838,-0.01960,0.99652,1.00
23971,15.14785,-0.05324,0.09737,-0.01601,0.99369,1.00,-0.05474,0.07066,-0.01856,0.99582,1.00
23984,15.50472,-0.05323,0.09738,-0.01588,0.99370,1.00,-0.05474,0.07066,-0.01842,0.99583,1.00
23998,15.85103,-0.05299,0.10530,-0.01491,0.99292,1.00,-0.05458,0.07868,-0.01745,0.99525,1.00
24012,16.18084,-0.05299,0.10530,-0.01484,0.99292,1.00,-0.05458,0.07868,-0.01738,0.99525,1.00
24026,16.50152,-0.05299,0.10530,-0.01484,0.99292,1.00,-0.05458,0.07868,-0.01738,0.99525,1.00
24040,16.80791,-0.05263,0.11236,-0.01415,0.99217,1.00,-0.05429,0.08584,-0.01668,0.99469,1.00
24054,17.10348,-0.05264,0.11236,-0.01419,0.99217,1.00,-0.05429,0.08584,-0.01671,0.99469,1.00
24068,17.38584,-0.05061,0.12438,-0.01325,0.99085,1.00,-0.05234,0.09805,-0.01570,0.99368,1.00
24082,17.65314,-0.05063,0.12438,-0.01343,0.99085,1.00,-0.05236,0.09804,-0.01587,0.99368,1.00
24096,17.91028,-0.04982,0.14672,-0.01144,0.98786,1.00,-0.05173,0.12077,-0.01382,0.99124,1.00
24110,18.15043,-0.04985,0.14671,-0.01164,0.98785,1.00,-0.05176,0.12076,-0.01402,0.99123,1.00
24124,18.38381,-0.04986,0.14671,-0.01175,0.98785,1.00,-0.05177,0.12075,-0.01413,0.99123,1.00
