Time_ms,LeftRotX,LeftRotY,LeftRotZ,LeftRotW,LeftConfidence,RightRotX,RightRotY,RightRotZ,RightRotW,RightConfidence
41380,-0.11008,-0.00340,-0.03424,0.99333,1.00,-0.11021,-0.03080,-0.03734,0.99273,1.00
41394,-0.11008,-0.00340,-0.03421,0.99333,1.00,-0.11021,-0.03079,-0.03732,0.99273,1.00
41408,-0.10987,-0.00068,-0.03378,0.99337,1.00,-0.11004,-0.02809,-0.03690,0.99284,1.00
41422,-0.10987,-0.00067,-0.03368,0.99338,1.00,-0.11004,-0.02808,-0.03680,0.99285,1.00
41436,-0.10987,-0.00066,-0.03358,0.99338,1.00,-0.11005,-0.02807,-0.03671,0.99285,1.00
41450,-0.10566,0.00046,-0.03339,0.99384,1.00,-0.10589,-0.02692,-0.03641,0.99335,1.00
41464,-0.10566,0.00046,-0.03340,0.99384,1.00,-0.10589,-0.02692,-0.03643,0.99335,1.00
41478,-0.03513,0.01554,-0.03252,0.99873,1.00,-0.03588,-0.01150,-0.03364,0.99872,1.00
41491,-0.03513,0.01554,-0.03243,0.99874,1.00,-0.03588,-0.01150,-0.03355,0.99873,1.00
41505,-0.03491,0.01731,-0.03228,0.99872,1.00,-0.03567,-0.00974,-0.03339,0.99876,1.00
41519,-0.03491,0.01730,-0.03246,0.99871,1.00,-0.03566,-0.00975,-0.03356,0.99875,1.00
41534,-0.03492,0.01729,-0.03271,0.99871,1.00,-0.03566,-0.00976,-0.03381,0.99874,1.00
41547,-0.03761,0.01528,-0.03288,0.99863,1.00,-0.03833,-0.01177,-0.03406,0.99862,1.00
41561,-0.03761,0.01528,-0.03279,0.99864,1.00,-0.03833,-0.01177,-0.03399,0.99862,1.00
41575,-0.03750,0.01652,-0.03265,0.99863,1.00,-0.03824,-0.01054,-0.03386,0.99864,1.00
41589,-0.03750,0.01652,-0.03257,0.99863,1.00,-0.03824,-0.01054,-0.03378,0.99864,1.00
41603,-0.03749,0.01652,-0.03246,0.99863,1.00,-0.03824,-0.01053,-0.03368,0.99865,1.00
41617,-0.03996,0.01679,-0.03228,0.99854,1.00,-0.04070,-0.01028,-0.03356,0.99856,1.00
41631,-0.03995,0.01680,-0.03188,0.99855,1.00,-0.04070,-0.01026,-0.03313,0.99857,1.00
41644,-0.04072,0.01678,-0.03160,0.99853,1.00,-0.04146,-0.01028,-0.03285,0.99855,1.00
41658,-0.04071,0.01680,-0.03130,0.99854,1.00,-0.04146,-0.01027,-0.03254,0.99856,1.00
41672,-0.04752,0.01285,-0.03117,0.99830,1.00,-0.04820,-0.01422,-0.03256,0.99821,1.00
41686,-0.04752,0.01286,-0.03099,0.99831,1.00,-0.04821,-0.01422,-0.03237,0.99821,1.00
41701,-0.04752,0.01286,-0.03087,0.99831,1.00,-0.04821,-0.01421,-0.03224,0.99822,1.00
41714,-0.06772,0.00192,-0.03122,0.99721,1.00,-0.06819,-0.02520,-0.03312,0.99680,1.00
41728,-0.06771,0.00194,-0.03085,0.99723,1.00,-0.06820,-0.02518,-0.03276,0.99682,1.00
41741,-0.06856,0.00045,-0.03053,0.99718,1.00,-0.06903,-0.02667,-0.03243,0.99673,1.00
41755,-0.06856,0.00049,-0.03000,0.99720,1.00,-0.06904,-0.02663,-0.03189,0.99675,1.00
41769,-0.06856,0.00052,-0.02957,0.99721,1.00,-0.06905,-0.02660,-0.03145,0.99676,1.00
41783,-0.06899,-0.00036,-0.02872,0.99720,1.00,-0.06947,-0.02748,-0.03058,0.99674,1.00
41797,-0.06899,-0.00032,-0.02819,0.99722,1.00,-0.06949,-0.02744,-0.03002,0.99675,1.00
41811,-0.06995,0.00161,-0.02782,0.99716,1.00,-0.07041,-0.02553,-0.02968,0.99675,1.00
41825,-0.06995,0.00160,-0.02793,0.99716,1.00,-0.07041,-0.02554,-0.02980,0.99675,1.00
41839,-0.06786,0.00155,-0.02835,0.99729,1.00,-0.06827,-0.02559,-0.03016,0.99688,1.00
41852,-0.06786,0.00155,-0.02848,0.99729,1.00,-0.06827,-0.02560,-0.03031,0.99688,1.00
41867,-0.06786,0.00159,-0.02785,0.99730,1.00,-0.06828,-0.02555,-0.02971,0.99690,1.00
41881,-0.04534,0.06213,-0.02409,0.99675,1.00,-0.04628,0.03503,-0.02543,0.99799,1.00
41894,-0.04529,0.06217,-0.02337,0.99676,1.00,-0.04626,0.03506,-0.02467,0.99801,1.00
41908,-0.03612,0.06066,-0.02341,0.99723,1.00,-0.03703,0.03359,-0.02442,0.99845,1.00
41922,-0.03609,0.06068,-0.02288,0.99724,1.00,-0.03701,0.03361,-0.02385,0.99846,1.00
41936,-0.03604,0.06071,-0.02217,0.99726,1.00,-0.03699,0.03364,-0.02310,0.99848,1.00
41950,-0.03854,0.00627,-0.02333,0.99897,1.00,-0.03916,-0.02078,-0.02423,0.99872,1.00
41963,-0.03853,0.00629,-0.02273,0.99898,1.00,-0.03918,-0.02075,-0.02360,0.99874,1.00
41977,-0.06458,0.00129,-0.02231,0.99766,1.00,-0.06501,-0.02584,-0.02385,0.99726,1.00
41991,-0.06458,0.00132,-0.02187,0.99767,1.00,-0.06502,-0.02581,-0.02337,0.99728,1.00
42005,-0.07028,0.00029,-0.02175,0.99729,1.00,-0.07062,-0.02686,-0.02336,0.99687,1.00
42019,-0.07028,0.00031,-0.02154,0.99729,1.00,-0.07063,-0.02684,-0.02313,0.99687,1.00
42034,-0.07028,0.00033,-0.02120,0.99730,1.00,-0.07064,-0.02682,-0.02275,0.99688,1.00
42047,-0.07166,0.00382,-0.02092,0.99720,1.00,-0.07200,-0.02335,-0.02248,0.99688,1.00
42061,-0.07166,0.00385,-0.02062,0.99721,1.00,-0.07201,-0.02333,-0.02215,0.99689,1.00
42075,-0.06903,0.00479,-0.01989,0.99741,1.00,-0.06939,-0.02237,-0.02131,0.99711,1.00
42089,-0.06902,0.00485,-0.01917,0.99742,1.00,-0.06941,-0.02232,-0.02056,0.99713,1.00
42103,-0.06902,0.00489,-0.01853,0.99743,1.00,-0.06942,-0.02227,-0.01989,0.99714,1.00
42117,-0.07002,0.00491,-0.01801,0.99737,1.00,-0.07039,-0.02227,-0.01937,0.99708,1.00
42131,-0.07001,0.00497,-0.01710,0.99739,1.00,-0.07041,-0.02220,-0.01841,0.99710,1.00
42145,-0.07134,0.00412,-0.01603,0.99731,1.00,-0.07170,-0.02305,-0.01734,0.99701,1.00
42159,-0.07134,0.00418,-0.01519,0.99733,1.00,-0.07172,-0.02299,-0.01648,0.99702,1.00
42173,-0.01293,0.01725,-0.01527,0.99965,1.00,-0.01345,-0.00980,-0.01496,0.99975,1.00
42187,-0.01293,0.01725,-0.01527,0.99965,1.00,-0.01345,-0.00980,-0.01495,0.99975,1.00
42201,-0.01293,0.01725,-0.01544,0.99965,1.00,-0.01345,-0.00980,-0.01508,0.99975,1.00
42215,-0.01423,0.01586,-0.01562,0.99965,1.00,-0.01467,-0.01119,-0.01526,0.99971,1.00
42230,-0.01424,0.01585,-0.01642,0.99964,1.00,-0.01466,-0.01121,-0.01601,0.99970,1.00
42244,-0.07567,-0.00299,-0.01722,0.99698,1.00,-0.07577,-0.03016,-0.01843,0.99650,1.00
42257,-0.07566,-0.00304,-0.01790,0.99697,1.00,-0.07575,-0.03021,-0.01908,0.99649,1.00
42271,-0.07714,-0.00298,-0.01828,0.99685,1.00,-0.07727,-0.03015,-0.01946,0.99636,1.00
42285,-0.07714,-0.00300,-0.01859,0.99684,1.00,-0.07726,-0.03018,-0.01977,0.99636,1.00
42298,-0.07714,-0.00304,-0.01912,0.99683,1.00,-0.07724,-0.03022,-0.02031,0.99635,1.00
42312,-0.07228,0.00208,-0.01950,0.99719,1.00,-0.07249,-0.02509,-0.02058,0.99684,1.00
42325,-0.07228,0.00202,-0.02031,0.99718,1.00,-0.07247,-0.02515,-0.02141,0.99682,1.00
42339,-0.06932,0.00323,-0.02098,0.99737,1.00,-0.06958,-0.02393,-0.02204,0.99705,1.00
42353,-0.06933,0.00318,-0.02164,0.99735,1.00,-0.06956,-0.02398,-0.02274,0.99703,1.00
42367,-0.06933,0.00316,-0.02195,0.99735,1.00,-0.06955,-0.02400,-0.02310,0.99702,1.00
42381,-0.06994,0.00357,-0.02179,0.99731,1.00,-0.07024,-0.02360,-0.02300,0.99699,1.00
42394,-0.06994,0.00359,-0.02154,0.99731,1.00,-0.07024,-0.02358,-0.02277,0.99699,1.00
42408,-0.06846,0.00301,-0.02161,0.99742,1.00,-0.06880,-0.02415,-0.02281,0.99708,1.00
42422,-0.06846,0.00299,-0.02178,0.99741,1.00,-0.06880,-0.02416,-0.02299,0.99707,1.00
42436,-0.06846,0.00300,-0.02176,0.99741,1.00,-0.06880,-0.02416,-0.02300,0.99707,1.00
42450,-0.07150,0.00405,-0.02198,0.99719,1.00,-0.07183,-0.02312,-0.02335,0.99688,1.00
42464,-0.07150,0.00405,-0.02207,0.99719,1.00,-0.07183,-0.02313,-0.02347,0.99687,1.00
42478,-0.07308,0.00867,-0.02198,0.99705,1.00,-0.07344,-0.01853,-0.02347,0.99685,1.00
42491,-0.07308,0.00865,-0.02218,0.99704,1.00,-0.07344,-0.01855,-0.02370,0.99685,1.00
42505,-0.07277,0.00976,-0.02208,0.99706,1.00,-0.07315,-0.01745,-0.02363,0.99689,1.00
42519,-0.07277,0.00977,-0.02192,0.99706,1.00,-0.07315,-0.01744,-0.02348,0.99689,1.00
42534,-0.07276,0.00979,-0.02165,0.99707,1.00,-0.07315,-0.01742,-0.02322,0.99690,1.00
42547,-0.07203,0.00934,-0.02148,0.99713,1.00,-0.07243,-0.01787,-0.02305,0.99695,1.00
42561,-0.07203,0.00935,-0.02133,0.99713,1.00,-0.07243,-0.01786,-0.02292,0.99695,1.00
42575,-0.07193,0.01099,-0.02127,0.99712,1.00,-0.07234,-0.01623,-0.02288,0.99699,1.00
42589,-0.07193,0.01099,-0.02127,0.99712,1.00,-0.07234,-0.01623,-0.02290,0.99699,1.00
42603,-0.07193,0.01099,-0.02129,0.99712,1.00,-0.07233,-0.01623,-0.02293,0.99698,1.00
42616,-0.07042,0.01080,-0.02125,0.99723,1.00,-0.07082,-0.01641,-0.02286,0.99709,1.00
42630,-0.07042,0.01080,-0.02115,0.99723,1.00,-0.07082,-0.01641,-0.02276,0.99709,1.00
42644,-0.07062,0.01163,-0.02064,0.99722,1.00,-0.07103,-0.01559,-0.02225,0.99710,1.00
42658,-0.07061,0.01166,-0.02013,0.99723,1.00,-0.07104,-0.01555,-0.02173,0.99712,1.00
42672,-0.07105,0.01067,-0.01995,0.99722,1.00,-0.07146,-0.01654,-0.02153,0.99707,1.00
42686,-0.07105,0.01068,-0.01988,0.99722,1.00,-0.07146,-0.01653,-0.02145,0.99708,1.00
42700,-0.07105,0.01067,-0.02001,0.99722,1.00,-0.07146,-0.01654,-0.02156,0.99707,1.00
42714,-0.07142,0.01151,-0.01985,0.99718,1.00,-0.07181,-0.01571,-0.02139,0.99706,1.00
42727,-0.07142,0.01152,-0.01974,0.99718,1.00,-0.07182,-0.01570,-0.02126,0.99707,1.00
42741,-0.07077,0.01058,-0.01943,0.99725,1.00,-0.07117,-0.01663,-0.02092,0.99711,1.00
42755,-0.07076,0.01060,-0.01910,0.99725,1.00,-0.07117,-0.01661,-0.02058,0.99711,1.00
42769,-0.07076,0.01063,-0.01878,0.99726,1.00,-0.07118,-0.01659,-0.02024,0.99712,1.00
42783,-0.06927,0.00913,-0.01870,0.99738,1.00,-0.06967,-0.01807,-0.02011,0.99720,1.00
42797,-0.06927,0.00914,-0.01857,0.99738,1.00,-0.06967,-0.01806,-0.01997,0.99721,1.00
42811,-0.06931,0.00921,-0.01833,0.99738,1.00,-0.06970,-0.01799,-0.01973,0.99721,1.00
42825,-0.06931,0.00923,-0.01810,0.99739,1.00,-0.06970,-0.01798,-0.01951,0.99722,1.00
42839,-0.06796,0.01019,-0.01781,0.99748,1.00,-0.06834,-0.01701,-0.01918,0.99733,1.00
42852,-0.06796,0.01020,-0.01764,0.99748,1.00,-0.06834,-0.01700,-0.01901,0.99734,1.00
42866,-0.06796,0.01020,-0.01767,0.99748,1.00,-0.06834,-0.01700,-0.01904,0.99734,1.00
42880,-0.06802,0.01047,-0.01772,0.99747,1.00,-0.06838,-0.01673,-0.01910,0.99734,1.00
42894,-0.06803,0.01046,-0.01791,0.99747,1.00,-0.06837,-0.01674,-0.01931,0.99733,1.00
42908,-0.07133,0.00556,-0.01837,0.99727,1.00,-0.07161,-0.02165,-0.01987,0.99700,1.00
42922,-0.07133,0.00555,-0.01843,0.99727,1.00,-0.07161,-0.02165,-0.01992,0.99700,1.00
42936,-0.07133,0.00553,-0.01870,0.99726,1.00,-0.07160,-0.02167,-0.02018,0.99699,1.00
42950,-0.07254,-0.00092,-0.01954,0.99717,1.00,-0.07274,-0.02811,-0.02106,0.99673,1.00
42964,-0.07254,-0.00094,-0.01977,0.99717,1.00,-0.07273,-0.02813,-0.02131,0.99673,1.00
42978,-0.07395,-0.00134,-0.01980,0.99706,1.00,-0.07415,-0.02853,-0.02138,0.99661,1.00
42991,-0.07395,-0.00133,-0.01969,0.99707,1.00,-0.07416,-0.02853,-0.02128,0.99661,1.00
43005,-0.07353,-0.00171,-0.01961,0.99710,1.00,-0.07376,-0.02890,-0.02120,0.99663,1.00
43019,-0.07353,-0.00170,-0.01947,0.99710,1.00,-0.07376,-0.02889,-0.02108,0.99663,1.00
43033,-0.07353,-0.00169,-0.01938,0.99710,1.00,-0.07376,-0.02888,-0.02100,0.99664,1.00
43047,-0.07306,-0.00153,-0.01915,0.99714,1.00,-0.07330,-0.02872,-0.02077,0.99668,1.00
43060,-0.07306,-0.00151,-0.01894,0.99715,1.00,-0.07331,-0.02870,-0.02057,0.99668,1.00
43074,-0.07256,-0.00199,-0.01870,0.99719,1.00,-0.07281,-0.02917,-0.02031,0.99671,1.00
43088,-0.07256,-0.00197,-0.01853,0.99719,1.00,-0.07281,-0.02916,-0.02013,0.99672,1.00
43103,-0.07256,-0.00197,-0.01844,0.99719,1.00,-0.07281,-0.02915,-0.02005,0.99672,1.00
43116,-0.07255,-0.00387,-0.01847,0.99719,1.00,-0.07276,-0.03105,-0.02007,0.99666,1.00
43130,-0.07255,-0.00387,-0.01846,0.99719,1.00,-0.07276,-0.03105,-0.02007,0.99666,1.00
43144,-0.07387,-0.00451,-0.01829,0.99709,1.00,-0.07406,-0.03170,-0.01995,0.99655,1.00
43158,-0.07387,-0.00450,-0.01810,0.99709,1.00,-0.07407,-0.03169,-0.01976,0.99655,1.00
43172,-0.07371,-0.00498,-0.01794,0.99711,1.00,-0.07390,-0.03217,-0.01959,0.99655,1.00
43186,-0.07371,-0.00499,-0.01803,0.99710,1.00,-0.07390,-0.03218,-0.01968,0.99655,1.00
43200,-0.07371,-0.00500,-0.01818,0.99710,1.00,-0.07389,-0.03219,-0.01984,0.99655,1.00
43213,-0.07338,-0.00431,-0.01827,0.99713,1.00,-0.07355,-0.03150,-0.01992,0.99660,1.00
43227,-0.07338,-0.00431,-0.01832,0.99713,1.00,-0.07355,-0.03150,-0.01997,0.99659,1.00
43241,-0.07147,-0.00333,-0.01819,0.99727,1.00,-0.07166,-0.03051,-0.01979,0.99677,1.00
43255,-0.07147,-0.00332,-0.01815,0.99727,1.00,-0.07166,-0.03051,-0.01974,0.99677,1.00
43269,-0.07147,-0.00332,-0.01809,0.99727,1.00,-0.07166,-0.03050,-0.01969,0.99677,1.00
43283,-0.07148,-0.00331,-0.01814,0.99727,1.00,-0.07167,-0.03050,-0.01974,0.99677,1.00
43297,-0.07148,-0.00332,-0.01824,0.99727,1.00,-0.07167,-0.03051,-0.01984,0.99676,1.00
43311,-0.07136,-0.00260,-0.01836,0.99728,1.00,-0.07156,-0.02979,-0.01995,0.99679,1.00
43324,-0.07136,-0.00262,-0.01862,0.99727,1.00,-0.07155,-0.02981,-0.02020,0.99679,1.00
43338,-0.07361,-0.00018,-0.01859,0.99711,1.00,-0.07381,-0.02739,-0.02022,0.99669,1.00
43352,-0.07361,-0.00020,-0.01882,0.99711,1.00,-0.07381,-0.02740,-0.02044,0.99669,1.00
43367,-0.07361,-0.00021,-0.01891,0.99711,1.00,-0.07381,-0.02741,-0.02053,0.99668,1.00
43380,-0.07261,0.00316,-0.01893,0.99718,1.00,-0.07285,-0.02405,-0.02051,0.99684,1.00
43394,-0.07261,0.00314,-0.01914,0.99717,1.00,-0.07284,-0.02407,-0.02072,0.99684,1.00
43408,-0.07290,0.00659,-0.01919,0.99713,1.00,-0.07318,-0.02063,-0.02078,0.99689,1.00
43422,-0.07290,0.00658,-0.01939,0.99713,1.00,-0.07318,-0.02065,-0.02097,0.99688,1.00
43436,-0.07290,0.00657,-0.01950,0.99713,1.00,-0.07318,-0.02065,-0.02108,0.99688,1.00
43450,-0.07267,0.00688,-0.01950,0.99714,1.00,-0.07297,-0.02034,-0.02108,0.99690,1.00
43464,-0.07267,0.00688,-0.01957,0.99714,1.00,-0.07297,-0.02034,-0.02115,0.99690,1.00
43477,-0.07286,0.00529,-0.01974,0.99713,1.00,-0.07315,-0.02193,-0.02132,0.99685,1.00
43491,-0.07286,0.00529,-0.01971,0.99713,1.00,-0.07315,-0.02193,-0.02129,0.99685,1.00
43505,-0.07146,0.00516,-0.01966,0.99724,1.00,-0.07177,-0.02205,-0.02121,0.99695,1.00
43519,-0.07145,0.00517,-0.01953,0.99724,1.00,-0.07177,-0.02204,-0.02108,0.99695,1.00
43533,-0.07145,0.00518,-0.01942,0.99724,1.00,-0.07177,-0.02203,-0.02098,0.99696,1.00
43547,-0.03312,-0.00856,-0.01970,0.99922,1.00,-0.03352,-0.03556,-0.02020,0.99860,1.00
43561,-0.03312,-0.00856,-0.01963,0.99922,1.00,-0.03353,-0.03556,-0.02014,0.99860,1.00
43574,-0.03294,-0.00857,-0.01956,0.99923,1.00,-0.03333,-0.03557,-0.02006,0.99861,1.00
43588,-0.03294,-0.00857,-0.01948,0.99923,1.00,-0.03334,-0.03557,-0.01998,0.99861,1.00
43602,-0.03294,-0.00856,-0.01934,0.99923,1.00,-0.03334,-0.03556,-0.01984,0.99861,1.00
43616,-0.06957,0.00040,-0.01909,0.99739,1.00,-0.06985,-0.02678,-0.02059,0.99699,1.00
43630,-0.06957,0.00040,-0.01906,0.99740,1.00,-0.06985,-0.02677,-0.02055,0.99699,1.00
43644,-0.07010,0.01452,-0.01845,0.99726,1.00,-0.07049,-0.01270,-0.01998,0.99723,1.00
43658,-0.07011,0.01448,-0.01901,0.99725,1.00,-0.07048,-0.01275,-0.02055,0.99722,1.00
43672,-0.07015,0.01475,-0.01904,0.99725,1.00,-0.07053,-0.01248,-0.02060,0.99722,1.00
43685,-0.07015,0.01474,-0.01910,0.99724,1.00,-0.07053,-0.01249,-0.02066,0.99722,1.00
43700,-0.07015,0.01475,-0.01906,0.99725,1.00,-0.07053,-0.01248,-0.02064,0.99722,1.00
43713,-0.06935,0.01634,-0.01895,0.99728,1.00,-0.06975,-0.01089,-0.02051,0.99729,1.00
43727,-0.06935,0.01633,-0.01905,0.99728,1.00,-0.06975,-0.01090,-0.02062,0.99729,1.00
43741,-0.06899,0.01663,-0.01918,0.99729,1.00,-0.06940,-0.01060,-0.02074,0.99732,1.00
43755,-0.06900,0.01663,-0.01923,0.99729,1.00,-0.06940,-0.01060,-0.02078,0.99732,1.00
43769,-0.06900,0.01663,-0.01921,0.99729,1.00,-0.06940,-0.01060,-0.02077,0.99732,1.00
43783,-0.06891,0.01453,-0.01939,0.99733,1.00,-0.06930,-0.01269,-0.02093,0.99730,1.00
43797,-0.06891,0.01453,-0.01940,0.99733,1.00,-0.06930,-0.01269,-0.02092,0.99730,1.00
43811,-0.07024,0.00779,-0.01990,0.99730,1.00,-0.07058,-0.01941,-0.02145,0.99709,1.00
43824,-0.07025,0.00778,-0.02009,0.99730,1.00,-0.07057,-0.01943,-0.02163,0.99708,1.00
43838,-0.07052,0.00606,-0.02025,0.99729,1.00,-0.07084,-0.02115,-0.02180,0.99703,1.00
43852,-0.07052,0.00606,-0.02022,0.99729,1.00,-0.07084,-0.02114,-0.02176,0.99703,1.00
43867,-0.07052,0.00607,-0.02003,0.99729,1.00,-0.07085,-0.02113,-0.02157,0.99703,1.00
43880,-0.07058,0.00604,-0.02011,0.99728,1.00,-0.07092,-0.02116,-0.02165,0.99702,1.00
43894,-0.07058,0.00603,-0.02030,0.99728,1.00,-0.07091,-0.02118,-0.02185,0.99702,1.00
43908,-0.07067,0.00627,-0.02035,0.99727,1.00,-0.07100,-0.02094,-0.02190,0.99702,1.00
43922,-0.07067,0.00627,-0.02026,0.99727,1.00,-0.07101,-0.02093,-0.02181,0.99702,1.00
43936,-0.07067,0.00628,-0.02015,0.99728,1.00,-0.07101,-0.02092,-0.02170,0.99702,1.00
43950,-0.07146,0.00636,-0.02000,0.99722,1.00,-0.07180,-0.02084,-0.02157,0.99697,1.00
43963,-0.07146,0.00637,-0.01999,0.99722,1.00,-0.07180,-0.02084,-0.02156,0.99697,1.00
43977,-0.07226,0.00402,-0.02014,0.99717,1.00,-0.07257,-0.02318,-0.02173,0.99686,1.00
43991,-0.07226,0.00402,-0.02016,0.99717,1.00,-0.07257,-0.02318,-0.02175,0.99686,1.00
44005,-0.07158,0.00397,-0.02022,0.99722,1.00,-0.07189,-0.02323,-0.02178,0.99690,1.00
44019,-0.07158,0.00397,-0.02027,0.99722,1.00,-0.07188,-0.02323,-0.02182,0.99690,1.00
44033,-0.07158,0.00396,-0.02037,0.99722,1.00,-0.07188,-0.02324,-0.02192,0.99690,1.00
44047,-0.07156,0.00246,-0.02058,0.99722,1.00,-0.07185,-0.02474,-0.02212,0.99686,1.00
44061,-0.07156,0.00245,-0.02067,0.99722,1.00,-0.07185,-0.02474,-0.02220,0.99686,1.00
44075,-0.04081,0.00495,-0.02073,0.99894,1.00,-0.04124,-0.02212,-0.02142,0.99867,1.00
44088,-0.04081,0.00495,-0.02077,0.99894,1.00,-0.04124,-0.02212,-0.02145,0.99867,1.00
44102,-0.04081,0.00495,-0.02084,0.99894,1.00,-0.04124,-0.02213,-0.02152,0.99867,1.00
44116,-0.03995,0.02881,-0.02029,0.99858,1.00,-0.04050,0.00170,-0.02099,0.99896,1.00
44130,-0.03995,0.02881,-0.02030,0.99858,1.00,-0.04050,0.00170,-0.02100,0.99896,1.00
44144,-0.04061,0.02886,-0.02035,0.99855,1.00,-0.04117,0.00174,-0.02107,0.99893,1.00
44158,-0.04061,0.02886,-0.02033,0.99855,1.00,-0.04117,0.00174,-0.02107,0.99893,1.00
44172,-0.07310,0.01487,-0.02008,0.99701,1.00,-0.07353,-0.01237,-0.02170,0.99698,1.00
44186,-0.07310,0.01488,-0.02000,0.99701,1.00,-0.07353,-0.01236,-0.02163,0.99698,1.00
44200,-0.07310,0.01488,-0.01992,0.99701,1.00,-0.07353,-0.01236,-0.02157,0.99698,1.00
44213,-0.07619,0.01410,-0.01995,0.99679,1.00,-0.07660,-0.01316,-0.02170,0.99674,1.00
44227,-0.07619,0.01409,-0.02004,0.99679,1.00,-0.07660,-0.01317,-0.02181,0.99674,1.00
44241,-0.07566,0.01437,-0.01984,0.99683,1.00,-0.07607,-0.01289,-0.02160,0.99679,1.00
44255,-0.07566,0.01438,-0.01965,0.99684,1.00,-0.07608,-0.01288,-0.02143,0.99679,1.00
44269,-0.07566,0.01440,-0.01949,0.99684,1.00,-0.07608,-0.01287,-0.02128,0.99679,1.00
44283,-0.07507,0.01417,-0.01940,0.99689,1.00,-0.07548,-0.01309,-0.02118,0.99684,1.00
44297,-0.07506,0.01418,-0.01924,0.99689,1.00,-0.07549,-0.01308,-0.02101,0.99684,1.00
44311,-0.07317,0.01373,-0.01948,0.99703,1.00,-0.07358,-0.01352,-0.02120,0.99697,1.00
44324,-0.07318,0.01371,-0.01971,0.99703,1.00,-0.07357,-0.01354,-0.02145,0.99697,1.00
44338,-0.07298,0.01180,-0.01987,0.99707,1.00,-0.07336,-0.01544,-0.02161,0.99695,1.00
44352,-0.07298,0.01182,-0.01963,0.99707,1.00,-0.07336,-0.01542,-0.02137,0.99696,1.00
44367,-0.07298,0.01182,-0.01958,0.99707,1.00,-0.07336,-0.01542,-0.02133,0.99696,1.00
44380,-0.07136,0.00663,-0.01986,0.99723,1.00,-0.07170,-0.02059,-0.02156,0.99698,1.00
44394,-0.07136,0.00664,-0.01981,0.99723,1.00,-0.07170,-0.02058,-0.02152,0.99698,1.00
44408,-0.07142,0.00374,-0.02002,0.99724,1.00,-0.07174,-0.02348,-0.02173,0.99691,1.00
44422,-0.07142,0.00374,-0.01994,0.99724,1.00,-0.07174,-0.02347,-0.02164,0.99691,1.00
44436,-0.07142,0.00374,-0.01991,0.99724,1.00,-0.07174,-0.02347,-0.02161,0.99691,1.00
44450,-0.07124,0.00530,-0.01980,0.99725,1.00,-0.07157,-0.02191,-0.02148,0.99696,1.00
44464,-0.07124,0.00529,-0.01999,0.99724,1.00,-0.07156,-0.02193,-0.02166,0.99696,1.00
44478,-0.07345,0.00353,-0.02031,0.99709,1.00,-0.07374,-0.02369,-0.02203,0.99675,1.00
44491,-0.07345,0.00352,-0.02047,0.99708,1.00,-0.07374,-0.02370,-0.02218,0.99675,1.00
44505,-0.07376,0.00507,-0.02044,0.99705,1.00,-0.07407,-0.02215,-0.02216,0.99676,1.00
44519,-0.07376,0.00508,-0.02035,0.99706,1.00,-0.07407,-0.02215,-0.02207,0.99676,1.00
44533,-0.07376,0.00509,-0.02020,0.99706,1.00,-0.07407,-0.02214,-0.02191,0.99677,1.00
44547,-0.07254,0.00316,-0.02044,0.99715,1.00,-0.07285,-0.02405,-0.02212,0.99681,1.00
44560,-0.07254,0.00313,-0.02088,0.99714,1.00,-0.07284,-0.02408,-0.02257,0.99680,1.00
44574,-0.07134,0.00256,-0.02090,0.99723,1.00,-0.07164,-0.02465,-0.02256,0.99687,1.00
44588,-0.07134,0.00256,-0.02088,0.99723,1.00,-0.07164,-0.02465,-0.02254,0.99687,1.00
44602,-0.07134,0.00256,-0.02081,0.99723,1.00,-0.07164,-0.02464,-0.02248,0.99687,1.00
44616,-0.07124,0.00286,-0.02066,0.99724,1.00,-0.07156,-0.02435,-0.02233,0.99689,1.00
44630,-0.07124,0.00286,-0.02064,0.99724,1.00,-0.07156,-0.02435,-0.02232,0.99689,1.00
44644,-0.06973,0.00446,-0.02063,0.99734,1.00,-0.07006,-0.02274,-0.02227,0.99703,1.00
44657,-0.06973,0.00446,-0.02062,0.99734,1.00,-0.07006,-0.02274,-0.02226,0.99704,1.00
44671,-0.07182,0.00498,-0.02051,0.99719,1.00,-0.07215,-0.02224,-0.02221,0.99690,1.00
44685,-0.07182,0.00498,-0.02052,0.99719,1.00,-0.07215,-0.02224,-0.02220,0.99690,1.00
44700,-0.07182,0.00498,-0.02053,0.99719,1.00,-0.07215,-0.02224,-0.02220,0.99690,1.00
44713,-0.06964,0.00479,-0.02056,0.99735,1.00,-0.06997,-0.02241,-0.02216,0.99705,1.00
44727,-0.06964,0.00478,-0.02065,0.99735,1.00,-0.06997,-0.02242,-0.02224,0.99705,1.00
44741,-0.07217,0.00548,-0.02074,0.99716,1.00,-0.07250,-0.02174,-0.02240,0.99688,1.00
44755,-0.07217,0.00547,-0.02083,0.99716,1.00,-0.07250,-0.02174,-0.02249,0.99688,1.00
44769,-0.07217,0.00547,-0.02083,0.99716,1.00,-0.07250,-0.02174,-0.02250,0.99688,1.00
44783,-0.06981,0.00416,-0.02086,0.99733,1.00,-0.07015,-0.02304,-0.02246,0.99702,1.00
44797,-0.06981,0.00417,-0.02080,0.99733,1.00,-0.07015,-0.02304,-0.02240,0.99702,1.00
44810,-0.06129,0.00594,-0.02064,0.99789,1.00,-0.06168,-0.02123,-0.02202,0.99763,1.00
44824,-0.06129,0.00594,-0.02060,0.99789,1.00,-0.06168,-0.02122,-0.02199,0.99763,1.00
44838,-0.00159,0.05229,-0.02109,0.99841,1.00,-0.00216,0.02526,-0.02091,0.99946,1.00
44852,-0.00159,0.05229,-0.02101,0.99841,1.00,-0.00216,0.02526,-0.02084,0.99946,1.00
44866,-0.00158,0.05229,-0.02086,0.99841,1.00,-0.00216,0.02526,-0.02070,0.99946,1.00
44880,-0.00138,0.05226,-0.02075,0.99842,1.00,-0.00196,0.02523,-0.02059,0.99947,1.00
44894,-0.00138,0.05226,-0.02071,0.99842,1.00,-0.00195,0.02523,-0.02055,0.99947,1.00
44908,-0.06459,-0.01343,-0.02114,0.99760,1.00,-0.06479,-0.04052,-0.02261,0.99682,1.00
44921,-0.06459,-0.01343,-0.02114,0.99760,1.00,-0.06479,-0.04052,-0.02263,0.99682,1.00
44935,-0.06459,-0.01343,-0.02120,0.99760,1.00,-0.06479,-0.04053,-0.02269,0.99682,1.00
44950,-0.06676,-0.01441,-0.02122,0.99744,1.00,-0.06694,-0.04152,-0.02276,0.99663,1.00
44963,-0.06676,-0.01441,-0.02115,0.99744,1.00,-0.06694,-0.04151,-0.02269,0.99663,1.00
44977,-0.06653,-0.01382,-0.02126,0.99746,1.00,-0.06671,-0.04092,-0.02280,0.99667,1.00
44991,-0.06652,-0.01385,-0.02170,0.99745,1.00,-0.06669,-0.04095,-0.02325,0.99666,1.00
45005,-0.06680,-0.00868,-0.02151,0.99750,1.00,-0.06702,-0.03582,-0.02309,0.99684,1.00
45018,-0.06680,-0.00868,-0.02144,0.99750,1.00,-0.06702,-0.03582,-0.02303,0.99684,1.00
45032,-0.06681,-0.00867,-0.02133,0.99750,1.00,-0.06702,-0.03581,-0.02292,0.99685,1.00
45046,-0.07030,-0.00669,-0.02115,0.99728,1.00,-0.07053,-0.03386,-0.02285,0.99667,1.00
45060,-0.07030,-0.00669,-0.02114,0.99728,1.00,-0.07053,-0.03386,-0.02285,0.99667,1.00
45074,-0.06991,-0.00660,-0.02103,0.99731,1.00,-0.07015,-0.03377,-0.02273,0.99671,1.00
45088,-0.06991,-0.00660,-0.02089,0.99731,1.00,-0.07015,-0.03376,-0.02260,0.99671,1.00
45102,-0.06992,-0.00657,-0.02059,0.99732,1.00,-0.07016,-0.03374,-0.02230,0.99672,1.00
45116,-0.06938,0.00627,-0.01968,0.99738,1.00,-0.06974,-0.02095,-0.02140,0.99712,1.00
45130,-0.06938,0.00627,-0.01969,0.99738,1.00,-0.06974,-0.02095,-0.02140,0.99712,1.00
45144,-0.06906,0.00882,-0.01954,0.99738,1.00,-0.06943,-0.01841,-0.02125,0.99719,1.00
45157,-0.06906,0.00881,-0.01962,0.99738,1.00,-0.06943,-0.01841,-0.02134,0.99719,1.00
45171,-0.06900,0.00653,-0.01993,0.99740,1.00,-0.06933,-0.02069,-0.02164,0.99714,1.00
45185,-0.06900,0.00653,-0.01994,0.99740,1.00,-0.06933,-0.02069,-0.02166,0.99714,1.00
45200,-0.06900,0.00653,-0.01984,0.99740,1.00,-0.06934,-0.02069,-0.02155,0.99715,1.00
45213,-0.06887,0.00736,-0.01968,0.99740,1.00,-0.06922,-0.01986,-0.02139,0.99717,1.00
45227,-0.06887,0.00735,-0.01981,0.99740,1.00,-0.06922,-0.01987,-0.02151,0.99717,1.00
45241,-0.06826,0.00671,-0.02008,0.99744,1.00,-0.06860,-0.02050,-0.02177,0.99720,1.00
45255,-0.06826,0.00671,-0.02013,0.99744,1.00,-0.06860,-0.02051,-0.02183,0.99719,1.00
45269,-0.06826,0.00671,-0.02006,0.99744,1.00,-0.06860,-0.02050,-0.02177,0.99720,1.00
45283,-0.06814,0.00701,-0.01993,0.99745,1.00,-0.06849,-0.02021,-0.02163,0.99721,1.00
45297,-0.06814,0.00702,-0.01974,0.99746,1.00,-0.06849,-0.02020,-0.02145,0.99722,1.00
45311,-0.06802,0.00705,-0.01961,0.99747,1.00,-0.06838,-0.02016,-0.02130,0.99723,1.00
45324,-0.06802,0.00706,-0.01944,0.99747,1.00,-0.06839,-0.02015,-0.02112,0.99723,1.00
45338,-0.07235,0.00727,-0.01931,0.99717,1.00,-0.07269,-0.01996,-0.02111,0.99693,1.00
45352,-0.07235,0.00727,-0.01937,0.99716,1.00,-0.07269,-0.01997,-0.02116,0.99693,1.00
45366,-0.07235,0.00725,-0.01960,0.99716,1.00,-0.07268,-0.01998,-0.02138,0.99693,1.00
45380,-0.07255,0.00809,-0.01982,0.99714,1.00,-0.07287,-0.01915,-0.02161,0.99692,1.00
45394,-0.07255,0.00808,-0.01993,0.99713,1.00,-0.07287,-0.01916,-0.02171,0.99692,1.00
45408,-0.02687,0.03333,-0.01998,0.99888,1.00,-0.02741,0.00624,-0.02053,0.99939,1.00
45421,-0.02687,0.03332,-0.02011,0.99888,1.00,-0.02741,0.00623,-0.02065,0.99939,1.00
45435,-0.02687,0.03332,-0.02020,0.99888,1.00,-0.02741,0.00623,-0.02073,0.99939,1.00
45449,-0.02721,0.03331,-0.02026,0.99887,1.00,-0.02777,0.00622,-0.02080,0.99938,1.00
45463,-0.02722,0.03330,-0.02034,0.99887,1.00,-0.02777,0.00621,-0.02088,0.99938,1.00
45477,-0.06974,0.00504,-0.02063,0.99734,1.00,-0.07008,-0.02217,-0.02229,0.99705,1.00
45491,-0.06974,0.00505,-0.02054,0.99734,1.00,-0.07008,-0.02216,-0.02221,0.99705,1.00
45505,-0.06985,0.00519,-0.02044,0.99733,1.00,-0.07020,-0.02202,-0.02211,0.99704,1.00
45518,-0.06985,0.00520,-0.02031,0.99734,1.00,-0.07020,-0.02201,-0.02199,0.99705,1.00
45533,-0.06985,0.00520,-0.02023,0.99734,1.00,-0.07020,-0.02201,-0.02191,0.99705,1.00
45546,-0.06976,0.00711,-0.02002,0.99734,1.00,-0.07012,-0.02011,-0.02170,0.99710,1.00
45560,-0.06976,0.00711,-0.01998,0.99734,1.00,-0.07012,-0.02010,-0.02166,0.99710,1.00
45574,-0.06656,0.00688,-0.01998,0.99756,1.00,-0.06693,-0.02032,-0.02156,0.99732,1.00
45588,-0.06656,0.00688,-0.01995,0.99756,1.00,-0.06693,-0.02032,-0.02153,0.99732,1.00
45602,-0.06656,0.00687,-0.02000,0.99756,1.00,-0.06693,-0.02032,-0.02156,0.99732,1.00
45616,-0.06800,0.00666,-0.01992,0.99746,1.00,-0.06836,-0.02054,-0.02152,0.99722,1.00
45630,-0.06800,0.00667,-0.01983,0.99747,1.00,-0.06836,-0.02053,-0.02142,0.99722,1.00
45644,-0.06825,0.00675,-0.01992,0.99745,1.00,-0.06860,-0.02046,-0.02150,0.99720,1.00
45657,-0.06825,0.00672,-0.02035,0.99744,1.00,-0.06860,-0.02049,-0.02193,0.99719,1.00
45671,-0.06954,0.00807,-0.02046,0.99734,1.00,-0.06989,-0.01914,-0.02208,0.99713,1.00
45685,-0.06954,0.00807,-0.02048,0.99734,1.00,-0.06989,-0.01914,-0.02210,0.99713,1.00
45699,-0.06954,0.00808,-0.02038,0.99734,1.00,-0.06989,-0.01914,-0.02199,0.99713,1.00
45713,-0.06971,0.00712,-0.02025,0.99734,1.00,-0.07007,-0.02010,-0.02188,0.99710,1.00
45727,-0.06971,0.00712,-0.02018,0.99734,1.00,-0.07007,-0.02009,-0.02182,0.99710,1.00
45741,-0.07021,0.00728,-0.02019,0.99730,1.00,-0.07057,-0.01994,-0.02185,0.99707,1.00
45754,-0.07021,0.00727,-0.02033,0.99730,1.00,-0.07057,-0.01995,-0.02201,0.99706,1.00
45769,-0.07021,0.00728,-0.02027,0.99730,1.00,-0.07057,-0.01994,-0.02196,0.99707,1.00
45782,-0.07012,-0.00178,-0.02085,0.99732,1.00,-0.07039,-0.02897,-0.02253,0.99684,1.00
45796,-0.07012,-0.00178,-0.02083,0.99732,1.00,-0.07039,-0.02897,-0.02252,0.99684,1.00
45810,-0.06973,-0.00185,-0.02091,0.99735,1.00,-0.07000,-0.02904,-0.02259,0.99687,1.00
45824,-0.06973,-0.00187,-0.02110,0.99734,1.00,-0.07000,-0.02905,-0.02277,0.99686,1.00
45838,-0.06910,-0.00203,-0.02134,0.99738,1.00,-0.06937,-0.02922,-0.02300,0.99690,1.00
45852,-0.06910,-0.00204,-0.02141,0.99738,1.00,-0.06937,-0.02922,-0.02308,0.99690,1.00
45866,-0.06910,-0.00204,-0.02145,0.99738,1.00,-0.06937,-0.02923,-0.02312,0.99690,1.00
45880,-0.06889,-0.00204,-0.02134,0.99739,1.00,-0.06918,-0.02923,-0.02301,0.99691,1.00
45893,-0.06889,-0.00203,-0.02121,0.99740,1.00,-0.06918,-0.02922,-0.02288,0.99691,1.00
45907,-0.06811,-0.00195,-0.02144,0.99745,1.00,-0.06840,-0.02913,-0.02308,0.99697,1.00
45921,-0.06811,-0.00195,-0.02153,0.99744,1.00,-0.06840,-0.02913,-0.02318,0.99696,1.00
45935,-0.06812,-0.00194,-0.02136,0.99745,1.00,-0.06841,-0.02912,-0.02301,0.99697,1.00
45949,-0.06924,-0.00100,-0.02110,0.99738,1.00,-0.06954,-0.02818,-0.02278,0.99692,1.00
45963,-0.06924,-0.00099,-0.02098,0.99738,1.00,-0.06955,-0.02817,-0.02266,0.99692,1.00
45977,-0.06587,-0.00051,-0.02086,0.99761,1.00,-0.06619,-0.02769,-0.02245,0.99717,1.00
45991,-0.06587,-0.00051,-0.02086,0.99761,1.00,-0.06619,-0.02768,-0.02245,0.99717,1.00
46005,-0.06789,-0.00058,-0.02089,0.99747,1.00,-0.06819,-0.02777,-0.02254,0.99703,1.00
46018,-0.06789,-0.00058,-0.02087,0.99747,1.00,-0.06819,-0.02776,-0.02252,0.99703,1.00
46033,-0.06789,-0.00059,-0.02094,0.99747,1.00,-0.06819,-0.02777,-0.02259,0.99703,1.00
46047,-0.06432,-0.00322,-0.02116,0.99770,1.00,-0.06461,-0.03037,-0.02270,0.99719,1.00
46060,-0.06432,-0.00322,-0.02124,0.99770,1.00,-0.06461,-0.03037,-0.02277,0.99719,1.00
46074,-0.06797,-0.00339,-0.02133,0.99745,1.00,-0.06824,-0.03056,-0.02296,0.99694,1.00
46088,-0.06797,-0.00339,-0.02139,0.99745,1.00,-0.06824,-0.03056,-0.02302,0.99693,1.00
46102,-0.06797,-0.00339,-0.02137,0.99745,1.00,-0.06824,-0.03056,-0.02300,0.99694,1.00
46116,-0.06710,-0.00334,-0.02131,0.99751,1.00,-0.06738,-0.03050,-0.02291,0.99700,1.00
46130,-0.06710,-0.00333,-0.02126,0.99751,1.00,-0.06738,-0.03050,-0.02286,0.99700,1.00
46144,-0.06719,-0.00316,-0.02124,0.99751,1.00,-0.06748,-0.03033,-0.02285,0.99700,1.00
46158,-0.06719,-0.00316,-0.02120,0.99751,1.00,-0.06748,-0.03032,-0.02282,0.99700,1.00
46171,-0.06710,-0.00153,-0.02096,0.99753,1.00,-0.06740,-0.02871,-0.02258,0.99706,1.00
46185,-0.06710,-0.00152,-0.02078,0.99753,1.00,-0.06741,-0.02869,-0.02241,0.99706,1.00
46199,-0.06710,-0.00150,-0.02053,0.99753,1.00,-0.06742,-0.02868,-0.02218,0.99707,1.00
46213,-0.06752,-0.00149,-0.02032,0.99751,1.00,-0.06783,-0.02867,-0.02198,0.99704,1.00
46227,-0.06752,-0.00148,-0.02005,0.99752,1.00,-0.06783,-0.02866,-0.02173,0.99705,1.00
46241,-0.06929,-0.00157,-0.01979,0.99740,1.00,-0.06959,-0.02876,-0.02154,0.99693,1.00
46255,-0.06929,-0.00156,-0.01966,0.99740,1.00,-0.06959,-0.02875,-0.02144,0.99693,1.00
46269,-0.06930,-0.00154,-0.01942,0.99741,1.00,-0.06960,-0.02874,-0.02123,0.99694,1.00
46283,-0.06698,-0.00201,-0.01945,0.99756,1.00,-0.06726,-0.02920,-0.02122,0.99708,1.00
46296,-0.06698,-0.00201,-0.01942,0.99756,1.00,-0.06726,-0.02920,-0.02123,0.99708,1.00
46310,-0.06837,-0.00278,-0.01937,0.99747,1.00,-0.06862,-0.02997,-0.02124,0.99697,1.00
46324,-0.06837,-0.00277,-0.01928,0.99747,1.00,-0.06862,-0.02997,-0.02117,0.99697,1.00
46338,-0.07014,-0.00531,-0.01964,0.99733,1.00,-0.07034,-0.03250,-0.02159,0.99676,1.00
46352,-0.07014,-0.00533,-0.02002,0.99732,1.00,-0.07033,-0.03253,-0.02199,0.99675,1.00
46366,-0.07014,-0.00534,-0.02017,0.99732,1.00,-0.07032,-0.03254,-0.02216,0.99675,1.00
46380,-0.07108,-0.00525,-0.02011,0.99725,1.00,-0.07126,-0.03246,-0.02215,0.99668,1.00
46394,-0.07108,-0.00524,-0.01993,0.99726,1.00,-0.07127,-0.03245,-0.02199,0.99669,1.00
46408,-0.07257,-0.00404,-0.01972,0.99716,1.00,-0.07277,-0.03126,-0.02184,0.99662,1.00
46421,-0.07257,-0.00403,-0.01967,0.99716,1.00,-0.07277,-0.03126,-0.02182,0.99662,1.00
46436,-0.07257,-0.00403,-0.01966,0.99716,1.00,-0.07277,-0.03126,-0.02183,0.99662,1.00
46449,-0.07161,-0.00407,-0.01969,0.99723,1.00,-0.07181,-0.03129,-0.02184,0.99669,1.00
46463,-0.07161,-0.00407,-0.01964,0.99723,1.00,-0.07181,-0.03129,-0.02179,0.99669,1.00
46477,-0.02514,-0.00524,-0.01939,0.99948,1.00,-0.02554,-0.03227,-0.02025,0.99895,1.00
46491,-0.02514,-0.00524,-0.01937,0.99948,1.00,-0.02554,-0.03227,-0.02019,0.99895,1.00
46505,0.03563,0.07460,-0.02144,0.99635,1.00,0.03532,0.04764,-0.02068,0.99803,1.00
46518,0.03562,0.07460,-0.02156,0.99634,1.00,0.03532,0.04764,-0.02079,0.99802,1.00
46533,0.03560,0.07461,-0.02181,0.99634,1.00,0.03531,0.04765,-0.02103,0.99802,1.00
46546,0.03477,0.07391,-0.02182,0.99642,1.00,0.03447,0.04695,-0.02104,0.99808,1.00
46560,0.03476,0.07391,-0.02183,0.99642,1.00,0.03447,0.04695,-0.02103,0.99808,1.00
46574,-0.00389,0.04226,-0.01919,0.99892,1.00,-0.00442,0.01520,-0.01938,0.99969,1.00
46588,-0.00389,0.04226,-0.01932,0.99891,1.00,-0.00443,0.01520,-0.01950,0.99968,1.00
46602,-0.00390,0.04225,-0.01951,0.99891,1.00,-0.00443,0.01520,-0.01968,0.99968,1.00
46616,-0.06312,0.01186,-0.01894,0.99776,1.00,-0.06352,-0.01537,-0.02068,0.99765,1.00
46630,-0.06312,0.01186,-0.01886,0.99776,1.00,-0.06352,-0.01536,-0.02061,0.99765,1.00
46644,-0.06595,0.01016,-0.01891,0.99759,1.00,-0.06634,-0.01707,-0.02074,0.99744,1.00
46657,-0.06595,0.01017,-0.01882,0.99759,1.00,-0.06634,-0.01707,-0.02065,0.99744,1.00
46671,-0.06612,0.01145,-0.01869,0.99757,1.00,-0.06652,-0.01579,-0.02054,0.99745,1.00
46685,-0.06612,0.01145,-0.01871,0.99757,1.00,-0.06652,-0.01579,-0.02056,0.99745,1.00
46699,-0.06612,0.01145,-0.01866,0.99757,1.00,-0.06652,-0.01579,-0.02051,0.99745,1.00
46713,-0.06602,0.01041,-0.01885,0.99759,1.00,-0.06640,-0.01683,-0.02068,0.99744,1.00
46727,-0.06602,0.01040,-0.01897,0.99758,1.00,-0.06640,-0.01684,-0.02079,0.99743,1.00
46741,-0.06504,0.00916,-0.01920,0.99766,1.00,-0.06541,-0.01806,-0.02096,0.99747,1.00
46755,-0.06504,0.00915,-0.01932,0.99765,1.00,-0.06541,-0.01807,-0.02107,0.99747,1.00
46769,-0.06504,0.00915,-0.01940,0.99765,1.00,-0.06540,-0.01807,-0.02114,0.99747,1.00
46782,-0.06559,0.00606,-0.01972,0.99763,1.00,-0.06592,-0.02116,-0.02145,0.99737,1.00
46796,-0.06559,0.00604,-0.01991,0.99763,1.00,-0.06592,-0.02117,-0.02162,0.99737,1.00
46810,-0.07026,-0.00426,-0.02081,0.99730,1.00,-0.07049,-0.03146,-0.02261,0.99676,1.00
46824,-0.07026,-0.00426,-0.02093,0.99730,1.00,-0.07049,-0.03146,-0.02273,0.99676,1.00
46838,-0.07252,-0.00413,-0.02107,0.99714,1.00,-0.07275,-0.03135,-0.02292,0.99659,1.00
46852,-0.07252,-0.00414,-0.02116,0.99713,1.00,-0.07275,-0.03135,-0.02300,0.99659,1.00
46866,-0.07252,-0.00414,-0.02114,0.99713,1.00,-0.07275,-0.03135,-0.02298,0.99659,1.00
46880,-0.07143,-0.00397,-0.02123,0.99721,1.00,-0.07168,-0.03117,-0.02303,0.99667,1.00
46894,-0.07143,-0.00397,-0.02128,0.99721,1.00,-0.07168,-0.03118,-0.02308,0.99667,1.00
46908,-0.07133,-0.00615,-0.02147,0.99720,1.00,-0.07157,-0.03334,-0.02324,0.99661,1.00
46921,-0.07133,-0.00614,-0.02143,0.99720,1.00,-0.07157,-0.03333,-0.02319,0.99661,1.00
46935,-0.07133,-0.00615,-0.02152,0.99720,1.00,-0.07157,-0.03334,-0.02327,0.99661,1.00
46949,-0.07117,-0.00617,-0.02147,0.99721,1.00,-0.07142,-0.03335,-0.02320,0.99662,1.00
46963,-0.07117,-0.00616,-0.02143,0.99721,1.00,-0.07142,-0.03335,-0.02315,0.99662,1.00
46977,-0.06893,-0.00565,-0.02129,0.99738,1.00,-0.06921,-0.03283,-0.02294,0.99680,1.00
46991,-0.06893,-0.00565,-0.02127,0.99738,1.00,-0.06921,-0.03283,-0.02290,0.99680,1.00
47005,-0.06582,-0.00598,-0.02127,0.99759,1.00,-0.06611,-0.03314,-0.02280,0.99700,1.00
47019,-0.06582,-0.00600,-0.02151,0.99758,1.00,-0.06610,-0.03316,-0.02302,0.99700,1.00
47033,-0.06581,-0.00603,-0.02192,0.99757,1.00,-0.06609,-0.03318,-0.02343,0.99699,1.00
47046,-0.06646,-0.00626,-0.02207,0.99753,1.00,-0.06674,-0.03342,-0.02360,0.99693,1.00
47060,-0.06647,-0.00626,-0.02195,0.99753,1.00,-0.06674,-0.03342,-0.02347,0.99693,1.00
47074,-0.06725,-0.00642,-0.02187,0.99748,1.00,-0.06754,-0.03358,-0.02341,0.99688,1.00
47088,-0.06725,-0.00641,-0.02169,0.99748,1.00,-0.06755,-0.03357,-0.02324,0.99688,1.00
47102,-0.06725,-0.00641,-0.02167,0.99748,1.00,-0.06755,-0.03357,-0.02321,0.99688,1.00
47116,-0.06802,-0.00503,-0.02162,0.99744,1.00,-0.06832,-0.03220,-0.02318,0.99687,1.00
47130,-0.06802,-0.00503,-0.02166,0.99744,1.00,-0.06832,-0.03220,-0.02322,0.99687,1.00
47144,-0.06811,-0.00373,-0.02157,0.99744,1.00,-0.06842,-0.03091,-0.02312,0.99691,1.00
47157,-0.06811,-0.00373,-0.02162,0.99744,1.00,-0.06842,-0.03091,-0.02315,0.99691,1.00
47171,-0.06861,0.00571,-0.02109,0.99740,1.00,-0.06901,-0.02150,-0.02264,0.99713,1.00
47185,-0.06861,0.00570,-0.02125,0.99740,1.00,-0.06901,-0.02151,-0.02279,0.99712,1.00
47199,-0.06861,0.00569,-0.02134,0.99740,1.00,-0.06900,-0.02152,-0.02288,0.99712,1.00
47213,-0.06922,0.00586,-0.02133,0.99736,1.00,-0.06961,-0.02135,-0.02289,0.99708,1.00
47227,-0.06921,0.00588,-0.02106,0.99736,1.00,-0.06962,-0.02133,-0.02262,0.99709,1.00
47241,-0.06948,0.00732,-0.02073,0.99734,1.00,-0.06991,-0.01990,-0.02230,0.99711,1.00
47254,-0.06948,0.00731,-0.02083,0.99734,1.00,-0.06991,-0.01991,-0.02240,0.99710,1.00
47268,-0.06948,0.00731,-0.02092,0.99734,1.00,-0.06991,-0.01991,-0.02248,0.99710,1.00
47282,-0.06960,0.00729,-0.02074,0.99733,1.00,-0.07002,-0.01993,-0.02230,0.99710,1.00
47296,-0.06960,0.00731,-0.02044,0.99734,1.00,-0.07003,-0.01991,-0.02200,0.99710,1.00
47310,-0.07025,0.00709,-0.02032,0.99730,1.00,-0.07068,-0.02013,-0.02189,0.99706,1.00
47324,-0.07025,0.00711,-0.02007,0.99730,1.00,-0.07068,-0.02011,-0.02165,0.99706,1.00
47338,-0.07039,0.00671,-0.01994,0.99730,1.00,-0.07080,-0.02052,-0.02151,0.99705,1.00
47352,-0.07038,0.00672,-0.01976,0.99730,1.00,-0.07081,-0.02050,-0.02132,0.99705,1.00
47366,-0.07038,0.00673,-0.01964,0.99730,1.00,-0.07081,-0.02049,-0.02119,0.99705,1.00
47379,-0.07049,0.00629,-0.01957,0.99730,1.00,-0.07090,-0.02093,-0.02112,0.99704,1.00
47393,-0.07049,0.00630,-0.01948,0.99730,1.00,-0.07090,-0.02092,-0.02101,0.99704,1.00
47407,-0.07086,0.00507,-0.01953,0.99728,1.00,-0.07124,-0.02215,-0.02106,0.99699,1.00
47421,-0.07086,0.00508,-0.01943,0.99728,1.00,-0.07125,-0.02214,-0.02094,0.99699,1.00
47435,-0.07086,0.00507,-0.01950,0.99728,1.00,-0.07125,-0.02215,-0.02100,0.99699,1.00
47449,-0.07163,0.00608,-0.01944,0.99722,1.00,-0.07201,-0.02115,-0.02097,0.99696,1.00
47463,-0.07163,0.00608,-0.01943,0.99722,1.00,-0.07201,-0.02114,-0.02094,0.99696,1.00
47477,-0.07219,0.00677,-0.01929,0.99718,1.00,-0.07257,-0.02047,-0.02081,0.99694,1.00
47491,-0.07219,0.00677,-0.01922,0.99718,1.00,-0.07257,-0.02046,-0.02073,0.99694,1.00
47505,0.04721,0.06634,-0.02374,0.99640,1.00,0.04699,0.03929,-0.02207,0.99788,1.00
47518,0.04722,0.06634,-0.02364,0.99640,1.00,0.04699,0.03929,-0.02197,0.99788,1.00
47533,0.04722,0.06633,-0.02356,0.99640,1.00,0.04699,0.03928,-0.02189,0.99788,1.00
47546,0.04687,0.06961,-0.02350,0.99620,1.00,0.04666,0.04258,-0.02185,0.99776,1.00
47560,0.04687,0.06961,-0.02348,0.99620,1.00,0.04666,0.04258,-0.02183,0.99776,1.00
47574,0.03579,0.06604,-0.02248,0.99692,1.00,0.03550,0.03903,-0.02113,0.99838,1.00
47588,0.03579,0.06604,-0.02252,0.99692,1.00,0.03550,0.03903,-0.02118,0.99838,1.00
47602,0.03579,0.06604,-0.02244,0.99692,1.00,0.03550,0.03903,-0.02111,0.99838,1.00
47616,-0.01980,0.01007,-0.01882,0.99958,1.00,-0.02031,-0.01699,-0.01893,0.99947,1.00
47630,-0.01980,0.01008,-0.01862,0.99958,1.00,-0.02032,-0.01699,-0.01875,0.99947,1.00
47644,-0.05820,0.01055,-0.01818,0.99808,1.00,-0.05864,-0.01662,-0.01936,0.99795,1.00
47657,-0.05820,0.01055,-0.01816,0.99808,1.00,-0.05864,-0.01662,-0.01933,0.99795,1.00
47671,-0.05820,0.01055,-0.01824,0.99808,1.00,-0.05864,-0.01662,-0.01941,0.99795,1.00
47685,-0.06488,0.01025,-0.01831,0.99767,1.00,-0.06529,-0.01696,-0.01966,0.99753,1.00
47699,-0.06488,0.01024,-0.01842,0.99767,1.00,-0.06529,-0.01696,-0.01978,0.99753,1.00
47713,-0.06477,0.01221,-0.01823,0.99766,1.00,-0.06519,-0.01500,-0.01960,0.99757,1.00
47727,-0.06477,0.01222,-0.01803,0.99766,1.00,-0.06520,-0.01499,-0.01940,0.99757,1.00
47740,-0.06429,0.01256,-0.01789,0.99769,1.00,-0.06472,-0.01465,-0.01925,0.99761,1.00
47754,-0.06428,0.01257,-0.01777,0.99769,1.00,-0.06472,-0.01464,-0.01914,0.99761,1.00
47768,-0.06428,0.01258,-0.01761,0.99770,1.00,-0.06472,-0.01463,-0.01899,0.99762,1.00
47782,-0.06408,0.01260,-0.01754,0.99771,1.00,-0.06452,-0.01461,-0.01891,0.99763,1.00
47796,-0.06408,0.01261,-0.01740,0.99771,1.00,-0.06452,-0.01460,-0.01878,0.99763,1.00
47810,-0.06547,0.00938,-0.01756,0.99766,1.00,-0.06587,-0.01783,-0.01897,0.99749,1.00
47824,-0.06547,0.00938,-0.01759,0.99766,1.00,-0.06587,-0.01783,-0.01900,0.99749,1.00
47838,-0.06820,-0.00145,-0.01826,0.99750,1.00,-0.06848,-0.02865,-0.01974,0.99705,1.00
47851,-0.06820,-0.00145,-0.01828,0.99750,1.00,-0.06848,-0.02865,-0.01977,0.99704,1.00
47866,-0.06820,-0.00146,-0.01837,0.99750,1.00,-0.06848,-0.02866,-0.01987,0.99704,1.00
47879,-0.06820,-0.00161,-0.01826,0.99750,1.00,-0.06849,-0.02881,-0.01978,0.99704,1.00
47893,-0.06821,-0.00160,-0.01818,0.99750,1.00,-0.06849,-0.02880,-0.01970,0.99704,1.00
47907,-0.06788,-0.00174,-0.01815,0.99753,1.00,-0.06817,-0.02894,-0.01965,0.99706,1.00
47921,-0.06788,-0.00176,-0.01838,0.99752,1.00,-0.06816,-0.02895,-0.01988,0.99706,1.00
47936,-0.06788,-0.00176,-0.01846,0.99752,1.00,-0.06816,-0.02896,-0.01997,0.99705,1.00
47949,-0.06773,-0.00178,-0.01835,0.99753,1.00,-0.06801,-0.02897,-0.01986,0.99707,1.00
47963,-0.06772,-0.00178,-0.01839,0.99753,1.00,-0.06800,-0.02897,-0.01989,0.99707,1.00
47977,-0.06683,-0.00143,-0.01828,0.99760,1.00,-0.06712,-0.02862,-0.01975,0.99714,1.00
47990,-0.06683,-0.00143,-0.01832,0.99760,1.00,-0.06712,-0.02862,-0.01979,0.99714,1.00
48004,-0.06682,-0.00111,-0.01833,0.99760,1.00,-0.06710,-0.02830,-0.01980,0.99715,1.00
48018,-0.06682,-0.00111,-0.01836,0.99760,1.00,-0.06710,-0.02830,-0.01982,0.99715,1.00
48033,-0.06682,-0.00111,-0.01837,0.99760,1.00,-0.06710,-0.02830,-0.01982,0.99715,1.00
48047,-0.06729,-0.00073,-0.01849,0.99756,1.00,-0.06757,-0.02792,-0.01994,0.99712,1.00
48060,-0.06729,-0.00074,-0.01867,0.99756,1.00,-0.06757,-0.02793,-0.02011,0.99712,1.00
48074,-0.06766,-0.00163,-0.01877,0.99753,1.00,-0.06794,-0.02882,-0.02021,0.99707,1.00
48087,-0.06766,-0.00163,-0.01876,0.99753,1.00,-0.06794,-0.02882,-0.02018,0.99707,1.00
48102,-0.06766,-0.00163,-0.01870,0.99753,1.00,-0.06794,-0.02881,-0.02012,0.99707,1.00
48115,-0.06082,-0.00120,-0.01865,0.99797,1.00,-0.06113,-0.02836,-0.01989,0.99753,1.00
48129,-0.06082,-0.00120,-0.01856,0.99798,1.00,-0.06114,-0.02835,-0.01979,0.99753,1.00
48143,0.03467,0.08130,-0.02229,0.99584,1.00,0.03448,0.05440,-0.02103,0.99770,1.00
48157,0.03468,0.08129,-0.02215,0.99584,1.00,0.03449,0.05440,-0.02090,0.99770,1.00
48171,0.03449,0.08130,-0.02197,0.99585,1.00,0.03430,0.05441,-0.02072,0.99771,1.00
48185,0.03451,0.08130,-0.02171,0.99586,1.00,0.03432,0.05440,-0.02046,0.99772,1.00
48199,0.03453,0.08129,-0.02156,0.99586,1.00,0.03432,0.05440,-0.02031,0.99772,1.00
48213,-0.00562,0.02625,-0.01784,0.99948,1.00,-0.00613,-0.00081,-0.01762,0.99983,1.00
48226,-0.00562,0.02625,-0.01785,0.99948,1.00,-0.00613,-0.00081,-0.01764,0.99983,1.00
48240,-0.06057,0.01183,-0.01728,0.99794,1.00,-0.06097,-0.01536,-0.01856,0.99785,1.00
48254,-0.06057,0.01183,-0.01729,0.99794,1.00,-0.06097,-0.01536,-0.01859,0.99785,1.00
48268,-0.06057,0.01185,-0.01705,0.99795,1.00,-0.06097,-0.01535,-0.01837,0.99785,1.00
48282,-0.06448,0.00814,-0.01709,0.99774,1.00,-0.06485,-0.01907,-0.01854,0.99754,1.00
48296,-0.06448,0.00814,-0.01701,0.99774,1.00,-0.06485,-0.01906,-0.01847,0.99754,1.00
48310,-0.06636,0.00827,-0.01707,0.99762,1.00,-0.06671,-0.01894,-0.01858,0.99742,1.00
48324,-0.06636,0.00825,-0.01741,0.99761,1.00,-0.06671,-0.01897,-0.01892,0.99741,1.00
48338,-0.06730,0.00818,-0.01779,0.99754,1.00,-0.06764,-0.01904,-0.01933,0.99734,1.00
48351,-0.06730,0.00818,-0.01781,0.99754,1.00,-0.06764,-0.01905,-0.01936,0.99734,1.00
48365,-0.06730,0.00818,-0.01775,0.99754,1.00,-0.06764,-0.01904,-0.01932,0.99734,1.00
48379,-0.06693,0.00831,-0.01774,0.99757,1.00,-0.06729,-0.01891,-0.01931,0.99737,1.00
48393,-0.06693,0.00831,-0.01777,0.99756,1.00,-0.06729,-0.01892,-0.01935,0.99737,1.00
48407,-0.06651,0.00833,-0.01777,0.99759,1.00,-0.06687,-0.01889,-0.01934,0.99740,1.00
48421,-0.06651,0.00833,-0.01773,0.99759,1.00,-0.06687,-0.01889,-0.01930,0.99740,1.00
48435,-0.06651,0.00833,-0.01773,0.99759,1.00,-0.06687,-0.01889,-0.01929,0.99740,1.00
48449,-0.06761,-0.00561,-0.01853,0.99752,1.00,-0.06785,-0.03279,-0.02010,0.99695,1.00
48463,-0.06761,-0.00561,-0.01859,0.99752,1.00,-0.06785,-0.03280,-0.02015,0.99695,1.00
48477,-0.06765,-0.00969,-0.01889,0.99748,1.00,-0.06785,-0.03686,-0.02044,0.99681,1.00
48490,-0.06765,-0.00970,-0.01894,0.99748,1.00,-0.06785,-0.03686,-0.02048,0.99680,1.00
48504,-0.06836,-0.00724,-0.01898,0.99745,1.00,-0.06858,-0.03442,-0.02054,0.99684,1.00
48518,-0.06836,-0.00725,-0.01915,0.99745,1.00,-0.06858,-0.03443,-0.02072,0.99684,1.00
48532,-0.06836,-0.00725,-0.01912,0.99745,1.00,-0.06858,-0.03443,-0.02069,0.99684,1.00
48546,-0.07288,-0.00949,-0.01912,0.99711,1.00,-0.07307,-0.03669,-0.02081,0.99643,1.00
48560,-0.07288,-0.00949,-0.01909,0.99711,1.00,-0.07307,-0.03668,-0.02077,0.99644,1.00
48574,-0.07297,-0.00939,-0.01950,0.99710,1.00,-0.07315,-0.03658,-0.02117,0.99642,1.00
48588,-0.07297,-0.00940,-0.01964,0.99710,1.00,-0.07315,-0.03659,-0.02130,0.99642,1.00
48602,-0.07297,-0.00939,-0.01944,0.99710,1.00,-0.07316,-0.03658,-0.02109,0.99643,1.00
48615,-0.07245,-0.00920,-0.01943,0.99714,1.00,-0.07265,-0.03639,-0.02107,0.99647,1.00
48629,-0.07245,-0.00920,-0.01935,0.99714,1.00,-0.07265,-0.03639,-0.02099,0.99647,1.00
48643,-0.07267,-0.00807,-0.01929,0.99714,1.00,-0.07288,-0.03526,-0.02094,0.99650,1.00
48657,-0.07267,-0.00807,-0.01929,0.99714,1.00,-0.07288,-0.03526,-0.02094,0.99650,1.00
48671,-0.07267,-0.00806,-0.01925,0.99714,1.00,-0.07289,-0.03526,-0.02091,0.99650,1.00
48685,-0.07274,-0.00807,-0.01920,0.99713,1.00,-0.07295,-0.03527,-0.02086,0.99649,1.00
48699,-0.07274,-0.00807,-0.01916,0.99713,1.00,-0.07296,-0.03526,-0.02082,0.99649,1.00
48712,-0.07136,-0.00822,-0.01919,0.99723,1.00,-0.07158,-0.03541,-0.02081,0.99659,1.00
48726,-0.07136,-0.00822,-0.01926,0.99723,1.00,-0.07158,-0.03541,-0.02088,0.99659,1.00
48740,-0.07122,-0.00919,-0.01950,0.99723,1.00,-0.07143,-0.03637,-0.02110,0.99656,1.00
48754,-0.07122,-0.00920,-0.01965,0.99722,1.00,-0.07142,-0.03638,-0.02125,0.99656,1.00
48768,-0.07122,-0.00921,-0.01976,0.99722,1.00,-0.07142,-0.03639,-0.02136,0.99655,1.00
48782,-0.07104,-0.00778,-0.01980,0.99725,1.00,-0.07125,-0.03497,-0.02139,0.99662,1.00
48796,-0.07104,-0.00778,-0.01979,0.99725,1.00,-0.07125,-0.03497,-0.02137,0.99662,1.00
48810,-0.07115,-0.00675,-0.01974,0.99725,1.00,-0.07138,-0.03394,-0.02133,0.99664,1.00
48824,-0.07115,-0.00675,-0.01968,0.99725,1.00,-0.07138,-0.03394,-0.02128,0.99664,1.00
48837,-0.07104,0.00178,-0.01901,0.99729,1.00,-0.07136,-0.02544,-0.02063,0.99691,1.00
48851,-0.07104,0.00179,-0.01886,0.99729,1.00,-0.07136,-0.02543,-0.02048,0.99692,1.00
48865,-0.07104,0.00180,-0.01868,0.99730,1.00,-0.07137,-0.02542,-0.02031,0.99692,1.00
48879,-0.07090,0.00190,-0.01865,0.99731,1.00,-0.07122,-0.02533,-0.02030,0.99693,1.00
48893,-0.07090,0.00189,-0.01870,0.99731,1.00,-0.07122,-0.02533,-0.02036,0.99693,1.00
48907,-0.07055,0.00352,-0.01860,0.99733,1.00,-0.07087,-0.02370,-0.02026,0.99700,1.00
48921,-0.07055,0.00352,-0.01860,0.99733,1.00,-0.07087,-0.02371,-0.02028,0.99700,1.00
48935,-0.07055,0.00352,-0.01860,0.99733,1.00,-0.07087,-0.02371,-0.02028,0.99700,1.00
48949,-0.06944,0.00126,-0.01860,0.99741,1.00,-0.06975,-0.02596,-0.02026,0.99702,1.00
48963,-0.06944,0.00126,-0.01857,0.99741,1.00,-0.06975,-0.02596,-0.02023,0.99702,1.00
48976,-0.01854,0.00223,-0.01873,0.99965,1.00,-0.01900,-0.02482,-0.01900,0.99933,1.00
48990,-0.01854,0.00222,-0.01910,0.99964,1.00,-0.01899,-0.02483,-0.01938,0.99932,1.00
49004,0.02519,0.04277,-0.02029,0.99856,1.00,0.02475,0.01570,-0.01945,0.99938,1.00
49018,0.02520,0.04276,-0.02007,0.99857,1.00,0.02476,0.01569,-0.01923,0.99939,1.00
49032,0.02521,0.04276,-0.01985,0.99857,1.00,0.02476,0.01569,-0.01902,0.99939,1.00
49046,0.02587,0.06965,-0.02032,0.99703,1.00,0.02552,0.04270,-0.01953,0.99857,1.00
49060,0.02588,0.06965,-0.02019,0.99703,1.00,0.02552,0.04270,-0.01941,0.99857,1.00
49074,-0.00178,0.07045,-0.01817,0.99735,1.00,-0.00230,0.04353,-0.01814,0.99888,1.00
49087,-0.00176,0.07045,-0.01799,0.99735,1.00,-0.00229,0.04353,-0.01797,0.99889,1.00
49103,-0.00176,0.07045,-0.01787,0.99735,1.00,-0.00228,0.04353,-0.01784,0.99889,1.00
49115,-0.07471,0.00461,-0.01759,0.99704,1.00,-0.07502,-0.02265,-0.01948,0.99673,1.00
49129,-0.07471,0.00462,-0.01756,0.99704,1.00,-0.07502,-0.02265,-0.01945,0.99674,1.00
49143,-0.07494,0.00212,-0.01774,0.99703,1.00,-0.07521,-0.02514,-0.01963,0.99666,1.00
49157,-0.07494,0.00212,-0.01776,0.99703,1.00,-0.07521,-0.02514,-0.01965,0.99666,1.00
49171,-0.07494,0.00388,-0.01771,0.99702,1.00,-0.07522,-0.02338,-0.01961,0.99670,1.00
49185,-0.07494,0.00388,-0.01780,0.99702,1.00,-0.07522,-0.02339,-0.01971,0.99670,1.00
49199,-0.07494,0.00389,-0.01769,0.99702,1.00,-0.07522,-0.02338,-0.01960,0.99670,1.00
49213,-0.07492,0.00171,-0.01765,0.99703,1.00,-0.07520,-0.02555,-0.01956,0.99665,1.00
49226,-0.07492,0.00172,-0.01755,0.99703,1.00,-0.07520,-0.02554,-0.01945,0.99665,1.00
49240,-0.06882,0.00552,-0.01749,0.99746,1.00,-0.06914,-0.02172,-0.01923,0.99719,1.00
49254,-0.06882,0.00551,-0.01753,0.99746,1.00,-0.06914,-0.02172,-0.01926,0.99718,1.00
49268,-0.06882,0.00552,-0.01738,0.99746,1.00,-0.06914,-0.02171,-0.01911,0.99719,1.00
49282,-0.06887,0.00428,-0.01736,0.99747,1.00,-0.06918,-0.02295,-0.01909,0.99716,1.00
49296,-0.06887,0.00429,-0.01726,0.99747,1.00,-0.06918,-0.02294,-0.01899,0.99716,1.00
49310,-0.07052,0.00448,-0.01715,0.99735,1.00,-0.07083,-0.02276,-0.01892,0.99705,1.00
49323,-0.07052,0.00448,-0.01723,0.99735,1.00,-0.07083,-0.02276,-0.01899,0.99705,1.00
49337,-0.07168,0.00460,-0.01732,0.99727,1.00,-0.07198,-0.02264,-0.01912,0.99697,1.00
49351,-0.07168,0.00460,-0.01739,0.99727,1.00,-0.07198,-0.02265,-0.01919,0.99696,1.00
49365,-0.07168,0.00459,-0.01747,0.99726,1.00,-0.07197,-0.02265,-0.01926,0.99696,1.00
49379,-0.07174,0.00561,-0.01749,0.99725,1.00,-0.07204,-0.02164,-0.01928,0.99698,1.00
49393,-0.07174,0.00560,-0.01764,0.99725,1.00,-0.07203,-0.02165,-0.01943,0.99698,1.00
49407,-0.07186,0.00564,-0.01778,0.99724,1.00,-0.07216,-0.02161,-0.01956,0.99697,1.00
49421,-0.07186,0.00563,-0.01795,0.99724,1.00,-0.07216,-0.02162,-0.01972,0.99696,1.00
49435,-0.07186,0.00562,-0.01803,0.99724,1.00,-0.07216,-0.02162,-0.01981,0.99696,1.00
49448,-0.06948,0.00608,-0.01804,0.99740,1.00,-0.06980,-0.02115,-0.01975,0.99714,1.00
49462,-0.06948,0.00608,-0.01808,0.99740,1.00,-0.06980,-0.02116,-0.01980,0.99714,1.00
49476,-0.07260,0.00472,-0.01816,0.99718,1.00,-0.07290,-0.02253,-0.01996,0.99688,1.00
49490,-0.07260,0.00472,-0.01814,0.99719,1.00,-0.07290,-0.02253,-0.01995,0.99688,1.00
49504,-0.07047,0.00639,-0.01790,0.99733,1.00,-0.07081,-0.02085,-0.01965,0.99708,1.00
49518,-0.07047,0.00640,-0.01778,0.99734,1.00,-0.07081,-0.02084,-0.01954,0.99708,1.00
49532,-0.07047,0.00641,-0.01769,0.99734,1.00,-0.07081,-0.02083,-0.01944,0.99708,1.00
49546,-0.07242,0.00580,-0.01763,0.99720,1.00,-0.07274,-0.02145,-0.01944,0.99693,1.00
49560,-0.07242,0.00580,-0.01759,0.99720,1.00,-0.07274,-0.02145,-0.01940,0.99693,1.00
49574,-0.07037,0.00581,-0.01762,0.99735,1.00,-0.07070,-0.02143,-0.01938,0.99708,1.00
49588,-0.07037,0.00580,-0.01774,0.99735,1.00,-0.07069,-0.02144,-0.01951,0.99708,1.00
49602,-0.07037,0.00580,-0.01778,0.99735,1.00,-0.07069,-0.02144,-0.01955,0.99708,1.00
49615,-0.07173,0.00458,-0.01778,0.99726,1.00,-0.07203,-0.02266,-0.01959,0.99695,1.00
49629,-0.07173,0.00458,-0.01784,0.99725,1.00,-0.07203,-0.02267,-0.01963,0.99695,1.00
49643,-0.07101,0.00446,-0.01820,0.99730,1.00,-0.07131,-0.02278,-0.01997,0.99699,1.00
49657,-0.07101,0.00442,-0.01868,0.99729,1.00,-0.07130,-0.02282,-0.02046,0.99698,1.00
49671,-0.07101,0.00443,-0.01860,0.99729,1.00,-0.07130,-0.02281,-0.02039,0.99699,1.00
49685,-0.07154,0.00452,-0.01862,0.99725,1.00,-0.07184,-0.02273,-0.02042,0.99695,1.00
49698,-0.07154,0.00453,-0.01849,0.99726,1.00,-0.07184,-0.02272,-0.02029,0.99695,1.00
49712,-0.07149,0.00502,-0.01832,0.99726,1.00,-0.07182,-0.02223,-0.02012,0.99697,1.00
49726,-0.07149,0.00502,-0.01824,0.99726,1.00,-0.07182,-0.02222,-0.02005,0.99697,1.00
49740,-0.07143,0.00339,-0.01840,0.99727,1.00,-0.07174,-0.02385,-0.02021,0.99693,1.00
49754,-0.07143,0.00340,-0.01830,0.99727,1.00,-0.07174,-0.02384,-0.02011,0.99694,1.00
49768,-0.07143,0.00341,-0.01823,0.99727,1.00,-0.07175,-0.02383,-0.02004,0.99694,1.00
49782,-0.07064,0.00387,-0.01821,0.99733,1.00,-0.07096,-0.02336,-0.01999,0.99701,1.00
49796,-0.07064,0.00386,-0.01831,0.99733,1.00,-0.07095,-0.02337,-0.02007,0.99700,1.00
49810,-0.06960,0.00391,-0.01844,0.99740,1.00,-0.06990,-0.02332,-0.02017,0.99708,1.00
49823,-0.06960,0.00390,-0.01860,0.99739,1.00,-0.06990,-0.02333,-0.02031,0.99707,1.00
49837,-0.06986,0.00495,-0.01869,0.99737,1.00,-0.07018,-0.02228,-0.02040,0.99708,1.00
49851,-0.06986,0.00495,-0.01867,0.99737,1.00,-0.07018,-0.02228,-0.02038,0.99708,1.00
49865,-0.06986,0.00496,-0.01858,0.99737,1.00,-0.07018,-0.02227,-0.02028,0.99708,1.00
49879,-0.07018,0.00571,-0.01843,0.99735,1.00,-0.07051,-0.02153,-0.02013,0.99708,1.00
49893,-0.07018,0.00570,-0.01852,0.99735,1.00,-0.07051,-0.02153,-0.02020,0.99707,1.00
49907,-0.07171,0.00509,-0.01869,0.99724,1.00,-0.07203,-0.02215,-0.02041,0.99695,1.00
49921,-0.07171,0.00509,-0.01864,0.99724,1.00,-0.07203,-0.02215,-0.02037,0.99695,1.00
49935,-0.07171,0.00509,-0.01862,0.99724,1.00,-0.07203,-0.02215,-0.02035,0.99695,1.00
49949,-0.07240,0.00349,-0.01862,0.99720,1.00,-0.07271,-0.02375,-0.02037,0.99686,1.00
49962,-0.07240,0.00349,-0.01860,0.99720,1.00,-0.07271,-0.02375,-0.02035,0.99686,1.00
49976,-0.07203,0.00356,-0.01856,0.99722,1.00,-0.07234,-0.02368,-0.02031,0.99689,1.00
49990,-0.07203,0.00356,-0.01859,0.99722,1.00,-0.07234,-0.02368,-0.02035,0.99689,1.00
50004,-0.01962,0.05023,-0.01811,0.99838,1.00,-0.02019,0.02319,-0.01850,0.99936,1.00
50018,-0.01962,0.05023,-0.01815,0.99838,1.00,-0.02020,0.02319,-0.01854,0.99936,1.00
50032,-0.01963,0.05023,-0.01824,0.99838,1.00,-0.02020,0.02319,-0.01863,0.99935,1.00
50046,0.01987,0.08745,-0.02117,0.99575,1.00,0.01955,0.06064,-0.02054,0.99776,1.00
50060,0.01985,0.08745,-0.02134,0.99574,1.00,0.01954,0.06064,-0.02070,0.99775,1.00
50073,0.01987,0.08733,-0.02138,0.99575,1.00,0.01955,0.06052,-0.02075,0.99776,1.00
50087,0.01987,0.08733,-0.02142,0.99575,1.00,0.01955,0.06052,-0.02079,0.99776,1.00
50101,0.01987,0.08733,-0.02139,0.99575,1.00,0.01955,0.06052,-0.02077,0.99776,1.00
50115,-0.02058,0.00037,-0.01926,0.99960,1.00,-0.02104,-0.02668,-0.01964,0.99923,1.00
50129,-0.02058,0.00037,-0.01927,0.99960,1.00,-0.02104,-0.02668,-0.01967,0.99923,1.00
50143,-0.06518,0.00152,-0.01922,0.99769,1.00,-0.06550,-0.02567,-0.02084,0.99730,1.00
50157,-0.06518,0.00153,-0.01919,0.99769,1.00,-0.06550,-0.02567,-0.02081,0.99730,1.00
50171,-0.06715,0.00617,-0.01884,0.99755,1.00,-0.06750,-0.02105,-0.02053,0.99729,1.00
50185,-0.06715,0.00617,-0.01888,0.99755,1.00,-0.06750,-0.02106,-0.02058,0.99728,1.00
50199,-0.06715,0.00617,-0.01886,0.99755,1.00,-0.06750,-0.02106,-0.02056,0.99729,1.00
50212,-0.07089,0.00661,-0.01878,0.99729,1.00,-0.07124,-0.02063,-0.02058,0.99703,1.00
50226,-0.07089,0.00662,-0.01865,0.99729,1.00,-0.07124,-0.02062,-0.02046,0.99704,1.00
50240,-0.07064,0.00665,-0.01865,0.99731,1.00,-0.07099,-0.02059,-0.02045,0.99705,1.00
50254,-0.07064,0.00665,-0.01864,0.99731,1.00,-0.07099,-0.02059,-0.02044,0.99705,1.00
50268,-0.07064,0.00665,-0.01865,0.99731,1.00,-0.07099,-0.02059,-0.02045,0.99705,1.00
50282,-0.06937,0.00731,-0.01868,0.99739,1.00,-0.06972,-0.01993,-0.02044,0.99716,1.00
50296,-0.06937,0.00731,-0.01868,0.99739,1.00,-0.06972,-0.01993,-0.02043,0.99716,1.00
50310,-0.06945,0.00721,-0.01869,0.99738,1.00,-0.06980,-0.02003,-0.02044,0.99715,1.00
50323,-0.06945,0.00721,-0.01872,0.99738,1.00,-0.06980,-0.02003,-0.02046,0.99715,1.00
50337,-0.06913,0.00834,-0.01898,0.99739,1.00,-0.06949,-0.01889,-0.02071,0.99719,1.00
50351,-0.06913,0.00832,-0.01934,0.99739,1.00,-0.06948,-0.01892,-0.02109,0.99718,1.00
50365,-0.06913,0.00832,-0.01930,0.99739,1.00,-0.06948,-0.01892,-0.02104,0.99718,1.00
50379,-0.06927,0.00660,-0.01926,0.99739,1.00,-0.06962,-0.02064,-0.02100,0.99714,1.00
50393,-0.06926,0.00661,-0.01909,0.99739,1.00,-0.06962,-0.02063,-0.02082,0.99714,1.00
50407,-0.06837,0.00559,-0.01901,0.99746,1.00,-0.06873,-0.02163,-0.02072,0.99719,1.00
50420,-0.06837,0.00560,-0.01894,0.99746,1.00,-0.06873,-0.02163,-0.02065,0.99719,1.00
50435,-0.06837,0.00560,-0.01888,0.99747,1.00,-0.06873,-0.02162,-0.02059,0.99719,1.00
50448,-0.06827,0.00570,-0.01879,0.99747,1.00,-0.06863,-0.02152,-0.02048,0.99720,1.00
50462,-0.06827,0.00571,-0.01870,0.99748,1.00,-0.06863,-0.02152,-0.02038,0.99720,1.00
50476,-0.06845,0.00559,-0.01865,0.99746,1.00,-0.06880,-0.02164,-0.02032,0.99719,1.00
50490,-0.06845,0.00558,-0.01875,0.99746,1.00,-0.06880,-0.02164,-0.02041,0.99719,1.00
50504,-0.06873,0.00546,-0.01883,0.99744,1.00,-0.06907,-0.02176,-0.02050,0.99716,1.00
50518,-0.06873,0.00546,-0.01890,0.99744,1.00,-0.06907,-0.02177,-0.02055,0.99716,1.00
50532,-0.06874,0.00545,-0.01896,0.99744,1.00,-0.06907,-0.02177,-0.02061,0.99716,1.00
50546,-0.06979,0.00516,-0.01895,0.99737,1.00,-0.07012,-0.02206,-0.02062,0.99708,1.00
50559,-0.06979,0.00517,-0.01885,0.99737,1.00,-0.07013,-0.02206,-0.02050,0.99708,1.00
50574,-0.06950,0.00568,-0.01869,0.99739,1.00,-0.06986,-0.02154,-0.02032,0.99712,1.00
50587,-0.06950,0.00567,-0.01890,0.99739,1.00,-0.06985,-0.02156,-0.02053,0.99711,1.00
50602,-0.06950,0.00567,-0.01886,0.99739,1.00,-0.06985,-0.02155,-0.02049,0.99711,1.00
50615,-0.07059,0.00578,-0.01878,0.99731,1.00,-0.07094,-0.02145,-0.02043,0.99704,1.00
50629,-0.07059,0.00579,-0.01869,0.99731,1.00,-0.07094,-0.02144,-0.02034,0.99704,1.00
50643,-0.06967,-0.00280,-0.01918,0.99738,1.00,-0.06994,-0.03000,-0.02078,0.99688,1.00
50657,-0.06967,-0.00280,-0.01925,0.99738,1.00,-0.06994,-0.03000,-0.02085,0.99688,1.00
50671,-0.06989,-0.00392,-0.01942,0.99736,1.00,-0.07015,-0.03112,-0.02103,0.99683,1.00
50684,-0.06989,-0.00392,-0.01947,0.99736,1.00,-0.07014,-0.03112,-0.02109,0.99683,1.00
50698,-0.06989,-0.00393,-0.01956,0.99736,1.00,-0.07014,-0.03113,-0.02117,0.99683,1.00
50712,-0.06984,-0.00514,-0.01975,0.99735,1.00,-0.07008,-0.03233,-0.02136,0.99679,1.00
50726,-0.06984,-0.00515,-0.01985,0.99735,1.00,-0.07008,-0.03234,-0.02147,0.99679,1.00
50740,-0.06977,-0.00520,-0.01996,0.99735,1.00,-0.07001,-0.03239,-0.02157,0.99679,1.00
50754,-0.06976,-0.00521,-0.02009,0.99735,1.00,-0.07001,-0.03240,-0.02170,0.99678,1.00
50768,-0.06976,-0.00522,-0.02022,0.99735,1.00,-0.07000,-0.03241,-0.02183,0.99678,1.00
50782,-0.07134,-0.00312,-0.02026,0.99724,1.00,-0.07160,-0.03033,-0.02195,0.99673,1.00
50796,-0.07134,-0.00312,-0.02024,0.99724,1.00,-0.07160,-0.03033,-0.02193,0.99673,1.00
50810,-0.07567,0.01079,-0.01930,0.99689,1.00,-0.07606,-0.01648,-0.02115,0.99674,1.00
50823,-0.07567,0.01080,-0.01921,0.99689,1.00,-0.07607,-0.01648,-0.02108,0.99674,1.00
50837,-0.07521,0.01167,-0.01911,0.99692,1.00,-0.07562,-0.01561,-0.02097,0.99679,1.00
50851,-0.07521,0.01168,-0.01896,0.99692,1.00,-0.07562,-0.01560,-0.02083,0.99680,1.00
50865,-0.07521,0.01168,-0.01887,0.99692,1.00,-0.07562,-0.01559,-0.02075,0.99680,1.00
50879,-0.07494,0.01116,-0.01877,0.99695,1.00,-0.07535,-0.01611,-0.02065,0.99681,1.00
50893,-0.07494,0.01117,-0.01866,0.99695,1.00,-0.07535,-0.01611,-0.02056,0.99682,1.00
50907,-0.07450,0.01171,-0.01851,0.99698,1.00,-0.07491,-0.01557,-0.02040,0.99686,1.00
50921,-0.07450,0.01172,-0.01844,0.99698,1.00,-0.07491,-0.01556,-0.02033,0.99686,1.00
50935,-0.07450,0.01172,-0.01838,0.99698,1.00,-0.07491,-0.01556,-0.02028,0.99686,1.00
50949,-0.07667,0.01074,-0.01833,0.99683,1.00,-0.07706,-0.01655,-0.02029,0.99668,1.00
50962,-0.07667,0.01074,-0.01832,0.99683,1.00,-0.07706,-0.01654,-0.02027,0.99668,1.00
50976,-0.07642,0.01291,-0.01819,0.99683,1.00,-0.07682,-0.01438,-0.02014,0.99674,1.00
50990,-0.07641,0.01291,-0.01817,0.99683,1.00,-0.07682,-0.01438,-0.02012,0.99674,1.00
51004,0.01482,0.08837,-0.02062,0.99576,1.00,0.01444,0.06158,-0.02016,0.99779,1.00
51018,0.01482,0.08837,-0.02060,0.99576,1.00,0.01444,0.06158,-0.02013,0.99779,1.00
51032,0.01482,0.08837,-0.02059,0.99576,1.00,0.01444,0.06158,-0.02011,0.99780,1.00
51046,0.01459,0.08802,-0.02069,0.99580,1.00,0.01422,0.06122,-0.02019,0.99782,1.00
51059,0.01456,0.08803,-0.02106,0.99579,1.00,0.01419,0.06123,-0.02057,0.99781,1.00
51074,-0.02509,0.01533,-0.01949,0.99938,1.00,-0.02556,-0.01176,-0.01999,0.99940,1.00
51087,-0.02509,0.01533,-0.01957,0.99938,1.00,-0.02556,-0.01176,-0.02008,0.99940,1.00
51102,-0.02509,0.01533,-0.01938,0.99938,1.00,-0.02556,-0.01176,-0.01990,0.99941,1.00
51115,-0.05928,-0.00234,-0.01978,0.99804,1.00,-0.05959,-0.02950,-0.02121,0.99756,1.00
51129,-0.05928,-0.00234,-0.01968,0.99804,1.00,-0.05959,-0.02949,-0.02111,0.99756,1.00
51143,-0.06573,-0.00190,-0.01974,0.99764,1.00,-0.06603,-0.02909,-0.02136,0.99717,1.00
51157,-0.06573,-0.00190,-0.01976,0.99764,1.00,-0.06603,-0.02909,-0.02138,0.99716,1.00
51171,-0.06573,-0.00190,-0.01969,0.99764,1.00,-0.06603,-0.02908,-0.02130,0.99717,1.00
51184,-0.06732,-0.00058,-0.01948,0.99754,1.00,-0.06763,-0.02778,-0.02113,0.99710,1.00
51198,-0.06732,-0.00057,-0.01938,0.99754,1.00,-0.06763,-0.02777,-0.02101,0.99710,1.00
51212,-0.06741,-0.00069,-0.01945,0.99754,1.00,-0.06771,-0.02789,-0.02107,0.99709,1.00
51226,-0.06741,-0.00069,-0.01949,0.99754,1.00,-0.06771,-0.02789,-0.02111,0.99709,1.00
51241,-0.06668,-0.00205,-0.01970,0.99758,1.00,-0.06697,-0.02923,-0.02129,0.99710,1.00
51254,-0.06668,-0.00205,-0.01972,0.99758,1.00,-0.06697,-0.02923,-0.02130,0.99710,1.00
51268,-0.06668,-0.00204,-0.01962,0.99758,1.00,-0.06697,-0.02923,-0.02120,0.99710,1.00
51281,-0.06676,-0.00221,-0.01945,0.99758,1.00,-0.06706,-0.02940,-0.02102,0.99709,1.00
51294,-0.06676,-0.00222,-0.01949,0.99758,1.00,-0.06706,-0.02940,-0.02105,0.99709,1.00
51309,-0.06723,0.00066,-0.01963,0.99754,1.00,-0.06754,-0.02654,-0.02121,0.99714,1.00
51322,-0.06723,0.00065,-0.01966,0.99754,1.00,-0.06754,-0.02655,-0.02123,0.99714,1.00
51336,-0.06723,0.00066,-0.01957,0.99755,1.00,-0.06754,-0.02654,-0.02113,0.99714,1.00
51350,-0.06910,0.00267,-0.01940,0.99742,1.00,-0.06943,-0.02455,-0.02102,0.99706,1.00
51364,-0.06910,0.00266,-0.01943,0.99742,1.00,-0.06943,-0.02455,-0.02105,0.99706,1.00
51378,-0.06930,0.00382,-0.01939,0.99740,1.00,-0.06964,-0.02340,-0.02102,0.99708,1.00
51392,-0.06930,0.00381,-0.01944,0.99740,1.00,-0.06964,-0.02340,-0.02107,0.99708,1.00
